event_id,datetime,prize_id,prize
542,2023-02-03 10:00:46,816,Enhancement Capsule*2
542,2023-02-03 10:00:46,840,Battery*30
542,2023-02-03 10:00:46,824,Quick Production*1
542,2023-02-03 10:00:46,803,Manpower*300
542,2023-02-03 10:00:46,812,Parts*300
542,2023-02-03 10:00:46,807,Rations*100
542,2023-02-03 10:00:46,816,Enhancement Capsule*2
542,2023-02-03 10:00:46,807,Rations*100
542,2023-02-03 10:00:46,811,Parts*200
542,2023-02-03 10:00:46,827,Basic Training Data*20
542,2023-02-03 10:00:47,810,Parts*100
542,2023-02-03 10:00:47,811,Parts*200
542,2023-02-03 10:00:47,811,Parts*200
542,2023-02-03 10:00:47,920,Pure Sample
542,2023-02-03 10:00:47,806,Ammo*300
542,2023-02-03 10:00:47,807,Rations*100
542,2023-02-03 10:00:47,811,Parts*200
542,2023-02-03 10:00:47,829,Basic Training Data*40
542,2023-02-03 10:00:47,805,Ammo*200
542,2023-02-03 10:00:47,840,Battery*30
542,2023-02-03 10:00:48,840,Battery*30
542,2023-02-03 10:00:48,831,Intermediate Training Data*30
542,2023-02-03 10:00:48,807,Rations*100
542,2023-02-03 10:00:48,808,Rations*200
542,2023-02-03 10:00:48,921,Quick Analysis Contract
542,2023-02-03 10:00:48,804,Ammo*100
542,2023-02-03 10:00:48,808,Rations*200
542,2023-02-03 10:00:48,822,T-Doll Contract*1
542,2023-02-03 10:00:48,833,Advanced Training Data*20
542,2023-02-03 10:00:48,919,Original Sample
542,2023-02-03 10:00:50,816,Enhancement Capsule*2
542,2023-02-03 10:00:50,802,Manpower*200
542,2023-02-03 10:00:50,830,Intermediate Training Data*20
542,2023-02-03 10:00:50,825,Quick Repair*1
542,2023-02-03 10:00:50,801,Manpower*100
542,2023-02-03 10:00:50,804,Ammo*100
542,2023-02-03 10:00:50,839,Battery*20
542,2023-02-03 10:00:50,839,Battery*20
542,2023-02-03 10:00:50,920,Pure Sample
542,2023-02-03 10:00:50,839,Battery*20
542,2023-02-03 10:00:51,801,Manpower*100
542,2023-02-03 10:00:51,837,Calibration Ticket*20
542,2023-02-03 10:00:51,809,Rations*300
542,2023-02-03 10:00:51,805,Ammo*200
542,2023-02-03 10:00:51,804,Ammo*100
542,2023-02-03 10:00:51,920,Pure Sample
542,2023-02-03 10:00:51,810,Parts*100
542,2023-02-03 10:00:51,880,Memory Fragment*30
542,2023-02-03 10:00:51,820,Dummy Core*2
542,2023-02-03 10:00:51,823,Equipment Contract*1
542,2023-02-03 10:00:52,830,Intermediate Training Data*20
542,2023-02-03 10:00:52,824,Quick Production*1
542,2023-02-03 10:00:52,807,Rations*100
542,2023-02-03 10:00:52,807,Rations*100
542,2023-02-03 10:00:52,804,Ammo*100
542,2023-02-03 10:00:52,824,Quick Production*1
542,2023-02-03 10:00:52,817,Enhancement Capsule*3
542,2023-02-03 10:00:52,802,Manpower*200
542,2023-02-03 10:00:52,802,Manpower*200
542,2023-02-03 10:00:52,817,Enhancement Capsule*3
542,2023-02-03 10:00:54,804,Ammo*100
542,2023-02-03 10:00:54,836,Calibration Ticket*10
542,2023-02-03 10:00:54,807,Rations*100
542,2023-02-03 10:00:54,40154,prize-10040154
542,2023-02-03 10:00:54,827,Basic Training Data*20
542,2023-02-03 10:00:54,825,Quick Repair*1
542,2023-02-03 10:00:54,807,Rations*100
542,2023-02-03 10:00:54,817,Enhancement Capsule*3
542,2023-02-03 10:00:54,833,Advanced Training Data*20
542,2023-02-03 10:00:54,839,Battery*20
542,2023-02-03 10:00:55,824,Quick Production*1
542,2023-02-03 10:00:55,826,Quick Training*1
542,2023-02-03 10:00:55,920,Pure Sample
542,2023-02-03 10:00:55,813,Token*2
542,2023-02-03 10:00:55,807,Rations*100
542,2023-02-03 10:00:55,801,Manpower*100
542,2023-02-03 10:00:55,814,Token*3
542,2023-02-03 10:00:55,816,Enhancement Capsule*2
542,2023-02-03 10:00:55,804,Ammo*100
542,2023-02-03 10:00:55,807,Rations*100
542,2023-02-03 10:00:56,804,Ammo*100
542,2023-02-03 10:00:56,839,Battery*20
542,2023-02-03 10:00:56,802,Manpower*200
542,2023-02-03 10:00:56,808,Rations*200
542,2023-02-03 10:00:56,807,Rations*100
542,2023-02-03 10:00:56,828,Basic Training Data*30
542,2023-02-03 10:00:56,804,Ammo*100
542,2023-02-03 10:00:56,819,Dummy Core*1
542,2023-02-03 10:00:56,804,Ammo*100
542,2023-02-03 10:00:56,831,Intermediate Training Data*30
542,2023-02-03 10:00:57,820,Dummy Core*2
542,2023-02-03 10:00:57,801,Manpower*100
542,2023-02-03 10:00:57,921,Quick Analysis Contract
542,2023-02-03 10:00:57,919,Original Sample
542,2023-02-03 10:00:57,816,Enhancement Capsule*2
542,2023-02-03 10:00:57,801,Manpower*100
542,2023-02-03 10:00:57,827,Basic Training Data*20
542,2023-02-03 10:00:57,839,Battery*20
542,2023-02-03 10:00:57,840,Battery*30
542,2023-02-03 10:00:57,805,Ammo*200
542,2023-02-03 10:00:58,920,Pure Sample
542,2023-02-03 10:00:58,878,Memory Fragment*10
542,2023-02-03 10:00:58,805,Ammo*200
542,2023-02-03 10:00:58,816,Enhancement Capsule*2
542,2023-02-03 10:00:58,807,Rations*100
542,2023-02-03 10:00:58,825,Quick Repair*1
542,2023-02-03 10:00:58,816,Enhancement Capsule*2
542,2023-02-03 10:00:58,804,Ammo*100
542,2023-02-03 10:00:58,840,Battery*30
542,2023-02-03 10:00:58,803,Manpower*300
542,2023-02-03 10:00:59,839,Battery*20
542,2023-02-03 10:00:59,828,Basic Training Data*30
542,2023-02-03 10:00:59,816,Enhancement Capsule*2
542,2023-02-03 10:00:59,808,Rations*200
542,2023-02-03 10:00:59,812,Parts*300
542,2023-02-03 10:00:59,801,Manpower*100
542,2023-02-03 10:00:59,920,Pure Sample
542,2023-02-03 10:00:59,801,Manpower*100
542,2023-02-03 10:00:59,835,Advanced Training Data*40
542,2023-02-03 10:00:59,815,Token*4
542,2023-02-03 10:01:01,810,Parts*100
542,2023-02-03 10:01:01,824,Quick Production*1
542,2023-02-03 10:01:01,819,Dummy Core*1
542,2023-02-03 10:01:01,818,Enhancement Capsule*4
542,2023-02-03 10:01:01,804,Ammo*100
542,2023-02-03 10:01:01,827,Basic Training Data*20
542,2023-02-03 10:01:01,808,Rations*200
542,2023-02-03 10:01:01,807,Rations*100
542,2023-02-03 10:01:01,818,Enhancement Capsule*4
542,2023-02-03 10:01:01,920,Pure Sample
542,2023-02-03 10:01:02,919,Original Sample
542,2023-02-03 10:01:02,920,Pure Sample
542,2023-02-03 10:01:02,816,Enhancement Capsule*2
542,2023-02-03 10:01:02,807,Rations*100
542,2023-02-03 10:01:02,803,Manpower*300
542,2023-02-03 10:01:02,920,Pure Sample
542,2023-02-03 10:01:02,803,Manpower*300
542,2023-02-03 10:01:02,823,Equipment Contract*1
542,2023-02-03 10:01:02,804,Ammo*100
542,2023-02-03 10:01:02,805,Ammo*200
542,2023-02-03 10:01:03,919,Original Sample
542,2023-02-03 10:01:03,809,Rations*300
542,2023-02-03 10:01:03,839,Battery*20
542,2023-02-03 10:01:03,825,Quick Repair*1
542,2023-02-03 10:01:03,812,Parts*300
542,2023-02-03 10:01:03,919,Original Sample
542,2023-02-03 10:01:03,828,Basic Training Data*30
542,2023-02-03 10:01:03,801,Manpower*100
542,2023-02-03 10:01:03,827,Basic Training Data*20
542,2023-02-03 10:01:03,807,Rations*100
542,2023-02-03 10:01:04,807,Rations*100
542,2023-02-03 10:01:04,805,Ammo*200
542,2023-02-03 10:01:04,840,Battery*30
542,2023-02-03 10:01:04,804,Ammo*100
542,2023-02-03 10:01:04,827,Basic Training Data*20
542,2023-02-03 10:01:04,919,Original Sample
542,2023-02-03 10:01:04,830,Intermediate Training Data*20
542,2023-02-03 10:01:04,825,Quick Repair*1
542,2023-02-03 10:01:04,920,Pure Sample
542,2023-02-03 10:01:04,810,Parts*100
542,2023-02-03 10:01:05,811,Parts*200
542,2023-02-03 10:01:05,811,Parts*200
542,2023-02-03 10:01:05,801,Manpower*100
542,2023-02-03 10:01:05,804,Ammo*100
542,2023-02-03 10:01:05,828,Basic Training Data*30
542,2023-02-03 10:01:05,801,Manpower*100
542,2023-02-03 10:01:05,808,Rations*200
542,2023-02-03 10:01:05,1396,Furniture: Operation Aeneas Memorabilia
542,2023-02-03 10:01:05,823,Equipment Contract*1
542,2023-02-03 10:01:05,807,Rations*100
542,2023-02-03 10:01:06,825,Quick Repair*1
542,2023-02-03 10:01:06,801,Manpower*100
542,2023-02-03 10:01:06,40156,prize-10040156
542,2023-02-03 10:01:06,810,Parts*100
542,2023-02-03 10:01:06,804,Ammo*100
542,2023-02-03 10:01:06,801,Manpower*100
542,2023-02-03 10:01:06,818,Enhancement Capsule*4
542,2023-02-03 10:01:06,816,Enhancement Capsule*2
542,2023-02-03 10:01:06,831,Intermediate Training Data*30
542,2023-02-03 10:01:06,808,Rations*200
542,2023-02-03 10:01:07,808,Rations*200
542,2023-02-03 10:01:07,802,Manpower*200
542,2023-02-03 10:01:07,841,Battery*40
542,2023-02-03 10:01:07,829,Basic Training Data*40
542,2023-02-03 10:01:07,824,Quick Production*1
542,2023-02-03 10:01:07,878,Memory Fragment*10
542,2023-02-03 10:01:07,812,Parts*300
542,2023-02-03 10:01:07,810,Parts*100
542,2023-02-03 10:01:07,814,Token*3
542,2023-02-03 10:01:07,808,Rations*200
542,2023-02-03 10:01:08,839,Battery*20
542,2023-02-03 10:01:08,829,Basic Training Data*40
542,2023-02-03 10:01:08,818,Enhancement Capsule*4
542,2023-02-03 10:01:08,823,Equipment Contract*1
542,2023-02-03 10:01:08,825,Quick Repair*1
542,2023-02-03 10:01:08,803,Manpower*300
542,2023-02-03 10:01:08,920,Pure Sample
542,2023-02-03 10:01:08,816,Enhancement Capsule*2
542,2023-02-03 10:01:08,1393,Furniture: All-Seeing Eye
542,2023-02-03 10:01:08,920,Pure Sample
542,2023-02-03 10:01:09,816,Enhancement Capsule*2
542,2023-02-03 10:01:09,825,Quick Repair*1
542,2023-02-03 10:01:09,817,Enhancement Capsule*3
542,2023-02-03 10:01:09,816,Enhancement Capsule*2
542,2023-02-03 10:01:09,801,Manpower*100
542,2023-02-03 10:01:09,878,Memory Fragment*10
542,2023-02-03 10:01:09,828,Basic Training Data*30
542,2023-02-03 10:01:09,804,Ammo*100
542,2023-02-03 10:01:09,804,Ammo*100
542,2023-02-03 10:01:09,832,Intermediate Training Data*40
542,2023-02-03 10:01:10,811,Parts*200
542,2023-02-03 10:01:10,814,Token*3
542,2023-02-03 10:01:10,819,Dummy Core*1
542,2023-02-03 10:01:10,40154,prize-10040154
542,2023-02-03 10:01:10,810,Parts*100
542,2023-02-03 10:01:10,830,Intermediate Training Data*20
542,2023-02-03 10:01:10,919,Original Sample
542,2023-02-03 10:01:10,840,Battery*30
542,2023-02-03 10:01:10,830,Intermediate Training Data*20
542,2023-02-03 10:01:10,920,Pure Sample
542,2023-02-03 10:01:12,813,Token*2
542,2023-02-03 10:01:12,807,Rations*100
542,2023-02-03 10:01:12,809,Rations*300
542,2023-02-03 10:01:12,830,Intermediate Training Data*20
542,2023-02-03 10:01:12,804,Ammo*100
542,2023-02-03 10:01:12,802,Manpower*200
542,2023-02-03 10:01:12,840,Battery*30
542,2023-02-03 10:01:12,810,Parts*100
542,2023-02-03 10:01:12,805,Ammo*200
542,2023-02-03 10:01:12,840,Battery*30
542,2023-02-03 10:01:13,805,Ammo*200
542,2023-02-03 10:01:13,804,Ammo*100
542,2023-02-03 10:01:13,810,Parts*100
542,2023-02-03 10:01:13,823,Equipment Contract*1
542,2023-02-03 10:01:13,816,Enhancement Capsule*2
542,2023-02-03 10:01:13,822,T-Doll Contract*1
542,2023-02-03 10:01:13,840,Battery*30
542,2023-02-03 10:01:13,804,Ammo*100
542,2023-02-03 10:01:13,816,Enhancement Capsule*2
542,2023-02-03 10:01:13,802,Manpower*200
542,2023-02-03 10:01:16,808,Rations*200
542,2023-02-03 10:01:16,40155,prize-10040155
542,2023-02-03 10:01:16,822,T-Doll Contract*1
542,2023-02-03 10:01:16,805,Ammo*200
542,2023-02-03 10:01:16,816,Enhancement Capsule*2
542,2023-02-03 10:01:16,815,Token*4
542,2023-02-03 10:01:16,810,Parts*100
542,2023-02-03 10:01:16,804,Ammo*100
542,2023-02-03 10:01:16,823,Equipment Contract*1
542,2023-02-03 10:01:16,1393,Furniture: All-Seeing Eye
542,2023-02-03 10:01:17,807,Rations*100
542,2023-02-03 10:01:17,802,Manpower*200
542,2023-02-03 10:01:17,811,Parts*200
542,2023-02-03 10:01:17,825,Quick Repair*1
542,2023-02-03 10:01:17,804,Ammo*100
542,2023-02-03 10:01:17,839,Battery*20
542,2023-02-03 10:01:17,834,Advanced Training Data*30
542,2023-02-03 10:01:17,813,Token*2
542,2023-02-03 10:01:17,811,Parts*200
542,2023-02-03 10:01:17,839,Battery*20
542,2023-02-03 10:01:18,831,Intermediate Training Data*30
542,2023-02-03 10:01:18,830,Intermediate Training Data*20
542,2023-02-03 10:01:18,919,Original Sample
542,2023-02-03 10:01:18,834,Advanced Training Data*30
542,2023-02-03 10:01:18,839,Battery*20
542,2023-02-03 10:01:18,834,Advanced Training Data*30
542,2023-02-03 10:01:18,878,Memory Fragment*10
542,2023-02-03 10:01:18,839,Battery*20
542,2023-02-03 10:01:18,810,Parts*100
542,2023-02-03 10:01:18,811,Parts*200
542,2023-02-03 10:01:19,880,Memory Fragment*30
542,2023-02-03 10:01:19,801,Manpower*100
542,2023-02-03 10:01:19,879,Memory Fragment*20
542,2023-02-03 10:01:19,40156,prize-10040156
542,2023-02-03 10:01:19,839,Battery*20
542,2023-02-03 10:01:19,822,T-Doll Contract*1
542,2023-02-03 10:01:19,807,Rations*100
542,2023-02-03 10:01:19,828,Basic Training Data*30
542,2023-02-03 10:01:19,814,Token*3
542,2023-02-03 10:01:19,919,Original Sample
542,2023-02-03 10:01:20,817,Enhancement Capsule*3
542,2023-02-03 10:01:20,802,Manpower*200
542,2023-02-03 10:01:20,818,Enhancement Capsule*4
542,2023-02-03 10:01:20,818,Enhancement Capsule*4
542,2023-02-03 10:01:20,807,Rations*100
542,2023-02-03 10:01:20,809,Rations*300
542,2023-02-03 10:01:20,811,Parts*200
542,2023-02-03 10:01:20,1395,Furniture: Wolf Shadow Returns
542,2023-02-03 10:01:20,834,Advanced Training Data*30
542,2023-02-03 10:01:20,816,Enhancement Capsule*2
542,2023-02-03 10:01:25,801,Manpower*100
542,2023-02-03 10:01:25,817,Enhancement Capsule*3
542,2023-02-03 10:01:25,827,Basic Training Data*20
542,2023-02-03 10:01:25,807,Rations*100
542,2023-02-03 10:01:25,839,Battery*20
542,2023-02-03 10:01:25,806,Ammo*300
542,2023-02-03 10:01:25,839,Battery*20
542,2023-02-03 10:01:25,817,Enhancement Capsule*3
542,2023-02-03 10:01:25,825,Quick Repair*1
542,2023-02-03 10:01:25,805,Ammo*200
542,2023-02-03 10:01:26,807,Rations*100
542,2023-02-03 10:01:26,830,Intermediate Training Data*20
542,2023-02-03 10:01:26,824,Quick Production*1
542,2023-02-03 10:01:26,827,Basic Training Data*20
542,2023-02-03 10:01:26,828,Basic Training Data*30
542,2023-02-03 10:01:26,830,Intermediate Training Data*20
542,2023-02-03 10:01:26,40154,prize-10040154
542,2023-02-03 10:01:26,878,Memory Fragment*10
542,2023-02-03 10:01:26,879,Memory Fragment*20
542,2023-02-03 10:01:26,801,Manpower*100
542,2023-02-03 10:01:28,40156,prize-10040156
542,2023-02-03 10:01:28,919,Original Sample
542,2023-02-03 10:01:28,804,Ammo*100
542,2023-02-03 10:01:28,826,Quick Training*1
542,2023-02-03 10:01:28,825,Quick Repair*1
542,2023-02-03 10:01:28,834,Advanced Training Data*30
542,2023-02-03 10:01:28,801,Manpower*100
542,2023-02-03 10:01:28,801,Manpower*100
542,2023-02-03 10:01:28,817,Enhancement Capsule*3
542,2023-02-03 10:01:28,920,Pure Sample
542,2023-02-03 10:01:30,840,Battery*30
542,2023-02-03 10:01:30,804,Ammo*100
542,2023-02-03 10:01:30,807,Rations*100
542,2023-02-03 10:01:30,835,Advanced Training Data*40
542,2023-02-03 10:01:30,808,Rations*200
542,2023-02-03 10:01:30,804,Ammo*100
542,2023-02-03 10:01:30,807,Rations*100
542,2023-02-03 10:01:30,836,Calibration Ticket*10
542,2023-02-03 10:01:30,810,Parts*100
542,2023-02-03 10:01:30,807,Rations*100
542,2023-02-03 10:01:34,839,Battery*20
542,2023-02-03 10:01:34,878,Memory Fragment*10
542,2023-02-03 10:01:34,837,Calibration Ticket*20
542,2023-02-03 10:01:34,824,Quick Production*1
542,2023-02-03 10:01:34,827,Basic Training Data*20
542,2023-02-03 10:01:34,807,Rations*100
542,2023-02-03 10:01:34,810,Parts*100
542,2023-02-03 10:01:34,811,Parts*200
542,2023-02-03 10:01:34,805,Ammo*200
542,2023-02-03 10:01:34,921,Quick Analysis Contract
542,2023-02-03 10:01:35,810,Parts*100
542,2023-02-03 10:01:35,822,T-Doll Contract*1
542,2023-02-03 10:01:35,804,Ammo*100
542,2023-02-03 10:01:35,807,Rations*100
542,2023-02-03 10:01:35,807,Rations*100
542,2023-02-03 10:01:35,804,Ammo*100
542,2023-02-03 10:01:35,801,Manpower*100
542,2023-02-03 10:01:35,818,Enhancement Capsule*4
542,2023-02-03 10:01:35,839,Battery*20
542,2023-02-03 10:01:35,920,Pure Sample
542,2023-02-03 10:01:36,880,Memory Fragment*30
542,2023-02-03 10:01:36,816,Enhancement Capsule*2
542,2023-02-03 10:01:36,835,Advanced Training Data*40
542,2023-02-03 10:01:36,1396,Furniture: Operation Aeneas Memorabilia
542,2023-02-03 10:01:36,807,Rations*100
542,2023-02-03 10:01:36,816,Enhancement Capsule*2
542,2023-02-03 10:01:36,828,Basic Training Data*30
542,2023-02-03 10:01:36,801,Manpower*100
542,2023-02-03 10:01:36,825,Quick Repair*1
542,2023-02-03 10:01:36,810,Parts*100
542,2023-02-03 10:01:37,805,Ammo*200
542,2023-02-03 10:01:37,40155,prize-10040155
542,2023-02-03 10:01:37,807,Rations*100
542,2023-02-03 10:01:37,919,Original Sample
542,2023-02-03 10:01:37,829,Basic Training Data*40
542,2023-02-03 10:01:37,879,Memory Fragment*20
542,2023-02-03 10:01:37,836,Calibration Ticket*10
542,2023-02-03 10:01:37,878,Memory Fragment*10
542,2023-02-03 10:01:37,828,Basic Training Data*30
542,2023-02-03 10:01:37,919,Original Sample
542,2023-02-03 10:01:38,807,Rations*100
542,2023-02-03 10:01:38,805,Ammo*200
542,2023-02-03 10:01:38,814,Token*3
542,2023-02-03 10:01:38,40154,prize-10040154
542,2023-02-03 10:01:38,816,Enhancement Capsule*2
542,2023-02-03 10:01:38,804,Ammo*100
542,2023-02-03 10:01:38,878,Memory Fragment*10
542,2023-02-03 10:01:38,837,Calibration Ticket*20
542,2023-02-03 10:01:38,880,Memory Fragment*30
542,2023-02-03 10:01:38,808,Rations*200
542,2023-02-03 10:01:39,919,Original Sample
542,2023-02-03 10:01:39,810,Parts*100
542,2023-02-03 10:01:39,805,Ammo*200
542,2023-02-03 10:01:39,819,Dummy Core*1
542,2023-02-03 10:01:39,879,Memory Fragment*20
542,2023-02-03 10:01:39,921,Quick Analysis Contract
542,2023-02-03 10:01:39,801,Manpower*100
542,2023-02-03 10:01:39,805,Ammo*200
542,2023-02-03 10:01:39,825,Quick Repair*1
542,2023-02-03 10:01:39,825,Quick Repair*1
542,2023-02-03 10:01:40,827,Basic Training Data*20
542,2023-02-03 10:01:40,919,Original Sample
542,2023-02-03 10:01:40,807,Rations*100
542,2023-02-03 10:01:40,825,Quick Repair*1
542,2023-02-03 10:01:40,831,Intermediate Training Data*30
542,2023-02-03 10:01:40,814,Token*3
542,2023-02-03 10:01:40,804,Ammo*100
542,2023-02-03 10:01:40,825,Quick Repair*1
542,2023-02-03 10:01:40,827,Basic Training Data*20
542,2023-02-03 10:01:40,817,Enhancement Capsule*3
542,2023-02-03 10:01:41,814,Token*3
542,2023-02-03 10:01:41,1393,Furniture: All-Seeing Eye
542,2023-02-03 10:01:41,833,Advanced Training Data*20
542,2023-02-03 10:01:41,825,Quick Repair*1
542,2023-02-03 10:01:41,825,Quick Repair*1
542,2023-02-03 10:01:41,823,Equipment Contract*1
542,2023-02-03 10:01:41,839,Battery*20
542,2023-02-03 10:01:41,810,Parts*100
542,2023-02-03 10:01:41,810,Parts*100
542,2023-02-03 10:01:41,807,Rations*100
542,2023-02-03 10:01:42,839,Battery*20
542,2023-02-03 10:01:42,831,Intermediate Training Data*30
542,2023-02-03 10:01:42,880,Memory Fragment*30
542,2023-02-03 10:01:42,839,Battery*20
542,2023-02-03 10:01:42,834,Advanced Training Data*30
542,2023-02-03 10:01:42,827,Basic Training Data*20
542,2023-02-03 10:01:42,823,Equipment Contract*1
542,2023-02-03 10:01:42,825,Quick Repair*1
542,2023-02-03 10:01:42,839,Battery*20
542,2023-02-03 10:01:42,834,Advanced Training Data*30
542,2023-02-03 10:01:44,816,Enhancement Capsule*2
542,2023-02-03 10:01:44,817,Enhancement Capsule*3
542,2023-02-03 10:01:44,810,Parts*100
542,2023-02-03 10:01:44,818,Enhancement Capsule*4
542,2023-02-03 10:01:44,1395,Furniture: Wolf Shadow Returns
542,2023-02-03 10:01:44,830,Intermediate Training Data*20
542,2023-02-03 10:01:44,803,Manpower*300
542,2023-02-03 10:01:44,801,Manpower*100
542,2023-02-03 10:01:44,805,Ammo*200
542,2023-02-03 10:01:44,829,Basic Training Data*40
542,2023-02-03 10:01:46,878,Memory Fragment*10
542,2023-02-03 10:01:46,827,Basic Training Data*20
542,2023-02-03 10:01:46,879,Memory Fragment*20
542,2023-02-03 10:01:46,920,Pure Sample
542,2023-02-03 10:01:46,823,Equipment Contract*1
542,2023-02-03 10:01:46,805,Ammo*200
542,2023-02-03 10:01:46,808,Rations*200
542,2023-02-03 10:01:46,804,Ammo*100
542,2023-02-03 10:01:46,805,Ammo*200
542,2023-02-03 10:01:46,837,Calibration Ticket*20
542,2023-02-03 10:01:47,825,Quick Repair*1
542,2023-02-03 10:01:47,830,Intermediate Training Data*20
542,2023-02-03 10:01:47,879,Memory Fragment*20
542,2023-02-03 10:01:47,920,Pure Sample
542,2023-02-03 10:01:47,817,Enhancement Capsule*3
542,2023-02-03 10:01:47,801,Manpower*100
542,2023-02-03 10:01:47,810,Parts*100
542,2023-02-03 10:01:47,830,Intermediate Training Data*20
542,2023-02-03 10:01:47,920,Pure Sample
542,2023-02-03 10:01:47,810,Parts*100
542,2023-02-03 10:01:48,819,Dummy Core*1
542,2023-02-03 10:01:48,919,Original Sample
542,2023-02-03 10:01:48,804,Ammo*100
542,2023-02-03 10:01:48,841,Battery*40
542,2023-02-03 10:01:48,808,Rations*200
542,2023-02-03 10:01:48,831,Intermediate Training Data*30
542,2023-02-03 10:01:48,822,T-Doll Contract*1
542,2023-02-03 10:01:48,811,Parts*200
542,2023-02-03 10:01:48,820,Dummy Core*2
542,2023-02-03 10:01:48,827,Basic Training Data*20
542,2023-02-03 10:01:49,801,Manpower*100
542,2023-02-03 10:01:49,822,T-Doll Contract*1
542,2023-02-03 10:01:49,801,Manpower*100
542,2023-02-03 10:01:49,801,Manpower*100
542,2023-02-03 10:01:49,829,Basic Training Data*40
542,2023-02-03 10:01:49,802,Manpower*200
542,2023-02-03 10:01:49,811,Parts*200
542,2023-02-03 10:01:49,920,Pure Sample
542,2023-02-03 10:01:49,825,Quick Repair*1
542,2023-02-03 10:01:49,804,Ammo*100
542,2023-02-03 10:01:50,836,Calibration Ticket*10
542,2023-02-03 10:01:50,806,Ammo*300
542,2023-02-03 10:01:50,802,Manpower*200
542,2023-02-03 10:01:50,808,Rations*200
542,2023-02-03 10:01:50,810,Parts*100
542,2023-02-03 10:01:50,830,Intermediate Training Data*20
542,2023-02-03 10:01:50,810,Parts*100
542,2023-02-03 10:01:50,812,Parts*300
542,2023-02-03 10:01:50,836,Calibration Ticket*10
542,2023-02-03 10:01:50,878,Memory Fragment*10
542,2023-02-03 10:01:51,810,Parts*100
542,2023-02-03 10:01:51,810,Parts*100
542,2023-02-03 10:01:51,811,Parts*200
542,2023-02-03 10:01:51,816,Enhancement Capsule*2
542,2023-02-03 10:01:51,824,Quick Production*1
542,2023-02-03 10:01:51,805,Ammo*200
542,2023-02-03 10:01:51,830,Intermediate Training Data*20
542,2023-02-03 10:01:51,807,Rations*100
542,2023-02-03 10:01:51,833,Advanced Training Data*20
542,2023-02-03 10:01:51,805,Ammo*200
542,2023-02-03 10:01:52,804,Ammo*100
542,2023-02-03 10:01:52,839,Battery*20
542,2023-02-03 10:01:52,878,Memory Fragment*10
542,2023-02-03 10:01:52,836,Calibration Ticket*10
542,2023-02-03 10:01:52,820,Dummy Core*2
542,2023-02-03 10:01:52,919,Original Sample
542,2023-02-03 10:01:52,809,Rations*300
542,2023-02-03 10:01:52,801,Manpower*100
542,2023-02-03 10:01:52,809,Rations*300
542,2023-02-03 10:01:52,1394,Furniture: Butterfly's Perch
542,2023-02-03 10:01:52,802,Manpower*200
542,2023-02-03 10:01:52,839,Battery*20
542,2023-02-03 10:01:52,804,Ammo*100
542,2023-02-03 10:01:52,824,Quick Production*1
542,2023-02-03 10:01:52,878,Memory Fragment*10
542,2023-02-03 10:01:52,839,Battery*20
542,2023-02-03 10:01:52,807,Rations*100
542,2023-02-03 10:01:52,827,Basic Training Data*20
542,2023-02-03 10:01:52,805,Ammo*200
542,2023-02-03 10:01:52,804,Ammo*100
542,2023-02-03 10:01:53,823,Equipment Contract*1
542,2023-02-03 10:01:53,841,Battery*40
542,2023-02-03 10:01:53,801,Manpower*100
542,2023-02-03 10:01:53,825,Quick Repair*1
542,2023-02-03 10:01:53,831,Intermediate Training Data*30
542,2023-02-03 10:01:53,919,Original Sample
542,2023-02-03 10:01:53,821,Dummy Core*3
542,2023-02-03 10:01:53,921,Quick Analysis Contract
542,2023-02-03 10:01:53,810,Parts*100
542,2023-02-03 10:01:53,801,Manpower*100
542,2023-02-03 10:01:54,828,Basic Training Data*30
542,2023-02-03 10:01:54,824,Quick Production*1
542,2023-02-03 10:01:54,839,Battery*20
542,2023-02-03 10:01:54,839,Battery*20
542,2023-02-03 10:01:54,807,Rations*100
542,2023-02-03 10:01:54,804,Ammo*100
542,2023-02-03 10:01:54,817,Enhancement Capsule*3
542,2023-02-03 10:01:54,823,Equipment Contract*1
542,2023-02-03 10:01:54,804,Ammo*100
542,2023-02-03 10:01:54,824,Quick Production*1
542,2023-02-03 10:01:56,814,Token*3
542,2023-02-03 10:01:56,816,Enhancement Capsule*2
542,2023-02-03 10:01:56,829,Basic Training Data*40
542,2023-02-03 10:01:56,839,Battery*20
542,2023-02-03 10:01:56,805,Ammo*200
542,2023-02-03 10:01:56,810,Parts*100
542,2023-02-03 10:01:56,816,Enhancement Capsule*2
542,2023-02-03 10:01:56,825,Quick Repair*1
542,2023-02-03 10:01:56,804,Ammo*100
542,2023-02-03 10:01:56,804,Ammo*100
542,2023-02-03 10:01:57,816,Enhancement Capsule*2
542,2023-02-03 10:01:57,841,Battery*40
542,2023-02-03 10:01:57,826,Quick Training*1
542,2023-02-03 10:01:57,879,Memory Fragment*20
542,2023-02-03 10:01:57,837,Calibration Ticket*20
542,2023-02-03 10:01:57,814,Token*3
542,2023-02-03 10:01:57,810,Parts*100
542,2023-02-03 10:01:57,810,Parts*100
542,2023-02-03 10:01:57,807,Rations*100
542,2023-02-03 10:01:57,807,Rations*100
542,2023-02-03 10:01:58,839,Battery*20
542,2023-02-03 10:01:58,810,Parts*100
542,2023-02-03 10:01:58,809,Rations*300
542,2023-02-03 10:01:58,40154,prize-10040154
542,2023-02-03 10:01:58,810,Parts*100
542,2023-02-03 10:01:58,824,Quick Production*1
542,2023-02-03 10:01:58,810,Parts*100
542,2023-02-03 10:01:58,921,Quick Analysis Contract
542,2023-02-03 10:01:58,830,Intermediate Training Data*20
542,2023-02-03 10:01:58,825,Quick Repair*1
542,2023-02-03 10:01:59,811,Parts*200
542,2023-02-03 10:01:59,809,Rations*300
542,2023-02-03 10:01:59,878,Memory Fragment*10
542,2023-02-03 10:01:59,808,Rations*200
542,2023-02-03 10:01:59,839,Battery*20
542,2023-02-03 10:01:59,804,Ammo*100
542,2023-02-03 10:01:59,802,Manpower*200
542,2023-02-03 10:01:59,808,Rations*200
542,2023-02-03 10:01:59,830,Intermediate Training Data*20
542,2023-02-03 10:01:59,807,Rations*100
542,2023-02-03 10:02:00,810,Parts*100
542,2023-02-03 10:02:00,810,Parts*100
542,2023-02-03 10:02:00,822,T-Doll Contract*1
542,2023-02-03 10:02:00,816,Enhancement Capsule*2
542,2023-02-03 10:02:00,831,Intermediate Training Data*30
542,2023-02-03 10:02:00,840,Battery*30
542,2023-02-03 10:02:00,834,Advanced Training Data*30
542,2023-02-03 10:02:00,831,Intermediate Training Data*30
542,2023-02-03 10:02:00,807,Rations*100
542,2023-02-03 10:02:00,819,Dummy Core*1
542,2023-02-03 10:02:01,804,Ammo*100
542,2023-02-03 10:02:01,808,Rations*200
542,2023-02-03 10:02:01,824,Quick Production*1
542,2023-02-03 10:02:01,810,Parts*100
542,2023-02-03 10:02:01,829,Basic Training Data*40
542,2023-02-03 10:02:01,807,Rations*100
542,2023-02-03 10:02:01,802,Manpower*200
542,2023-02-03 10:02:01,801,Manpower*100
542,2023-02-03 10:02:01,805,Ammo*200
542,2023-02-03 10:02:01,810,Parts*100
542,2023-02-03 10:02:02,807,Rations*100
542,2023-02-03 10:02:02,827,Basic Training Data*20
542,2023-02-03 10:02:02,833,Advanced Training Data*20
542,2023-02-03 10:02:02,801,Manpower*100
542,2023-02-03 10:02:02,830,Intermediate Training Data*20
542,2023-02-03 10:02:02,879,Memory Fragment*20
542,2023-02-03 10:02:02,807,Rations*100
542,2023-02-03 10:02:02,811,Parts*200
542,2023-02-03 10:02:02,817,Enhancement Capsule*3
542,2023-02-03 10:02:02,808,Rations*200
542,2023-02-03 10:02:03,806,Ammo*300
542,2023-02-03 10:02:03,808,Rations*200
542,2023-02-03 10:02:03,921,Quick Analysis Contract
542,2023-02-03 10:02:03,810,Parts*100
542,2023-02-03 10:02:03,830,Intermediate Training Data*20
542,2023-02-03 10:02:03,805,Ammo*200
542,2023-02-03 10:02:03,817,Enhancement Capsule*3
542,2023-02-03 10:02:03,825,Quick Repair*1
542,2023-02-03 10:02:03,802,Manpower*200
542,2023-02-03 10:02:03,810,Parts*100
542,2023-02-03 10:02:04,811,Parts*200
542,2023-02-03 10:02:04,816,Enhancement Capsule*2
542,2023-02-03 10:02:04,805,Ammo*200
542,2023-02-03 10:02:04,804,Ammo*100
542,2023-02-03 10:02:04,920,Pure Sample
542,2023-02-03 10:02:04,919,Original Sample
542,2023-02-03 10:02:04,816,Enhancement Capsule*2
542,2023-02-03 10:02:04,805,Ammo*200
542,2023-02-03 10:02:04,828,Basic Training Data*30
542,2023-02-03 10:02:04,810,Parts*100
542,2023-02-03 10:02:04,810,Parts*100
542,2023-02-03 10:02:04,810,Parts*100
542,2023-02-03 10:02:04,878,Memory Fragment*10
542,2023-02-03 10:02:04,807,Rations*100
542,2023-02-03 10:02:04,920,Pure Sample
542,2023-02-03 10:02:04,801,Manpower*100
542,2023-02-03 10:02:04,818,Enhancement Capsule*4
542,2023-02-03 10:02:04,839,Battery*20
542,2023-02-03 10:02:04,825,Quick Repair*1
542,2023-02-03 10:02:04,807,Rations*100
542,2023-02-03 10:02:06,1394,Furniture: Butterfly's Perch
542,2023-02-03 10:02:06,806,Ammo*300
542,2023-02-03 10:02:06,825,Quick Repair*1
542,2023-02-03 10:02:06,832,Intermediate Training Data*40
542,2023-02-03 10:02:06,879,Memory Fragment*20
542,2023-02-03 10:02:06,817,Enhancement Capsule*3
542,2023-02-03 10:02:06,839,Battery*20
542,2023-02-03 10:02:06,801,Manpower*100
542,2023-02-03 10:02:06,804,Ammo*100
542,2023-02-03 10:02:06,831,Intermediate Training Data*30
542,2023-02-03 10:02:06,810,Parts*100
542,2023-02-03 10:02:06,829,Basic Training Data*40
542,2023-02-03 10:02:06,825,Quick Repair*1
542,2023-02-03 10:02:06,840,Battery*30
542,2023-02-03 10:02:06,827,Basic Training Data*20
542,2023-02-03 10:02:06,802,Manpower*200
542,2023-02-03 10:02:06,880,Memory Fragment*30
542,2023-02-03 10:02:06,921,Quick Analysis Contract
542,2023-02-03 10:02:06,801,Manpower*100
542,2023-02-03 10:02:06,811,Parts*200
542,2023-02-03 10:02:07,809,Rations*300
542,2023-02-03 10:02:07,808,Rations*200
542,2023-02-03 10:02:07,825,Quick Repair*1
542,2023-02-03 10:02:07,830,Intermediate Training Data*20
542,2023-02-03 10:02:07,824,Quick Production*1
542,2023-02-03 10:02:07,808,Rations*200
542,2023-02-03 10:02:07,808,Rations*200
542,2023-02-03 10:02:07,816,Enhancement Capsule*2
542,2023-02-03 10:02:07,825,Quick Repair*1
542,2023-02-03 10:02:07,40155,prize-10040155
542,2023-02-03 10:02:09,817,Enhancement Capsule*3
542,2023-02-03 10:02:09,833,Advanced Training Data*20
542,2023-02-03 10:02:09,825,Quick Repair*1
542,2023-02-03 10:02:09,830,Intermediate Training Data*20
542,2023-02-03 10:02:09,825,Quick Repair*1
542,2023-02-03 10:02:09,802,Manpower*200
542,2023-02-03 10:02:09,919,Original Sample
542,2023-02-03 10:02:09,879,Memory Fragment*20
542,2023-02-03 10:02:09,822,T-Doll Contract*1
542,2023-02-03 10:02:09,810,Parts*100
542,2023-02-03 10:02:10,816,Enhancement Capsule*2
542,2023-02-03 10:02:10,828,Basic Training Data*30
542,2023-02-03 10:02:10,878,Memory Fragment*10
542,2023-02-03 10:02:10,807,Rations*100
542,2023-02-03 10:02:10,919,Original Sample
542,2023-02-03 10:02:10,819,Dummy Core*1
542,2023-02-03 10:02:10,839,Battery*20
542,2023-02-03 10:02:10,802,Manpower*200
542,2023-02-03 10:02:10,807,Rations*100
542,2023-02-03 10:02:10,816,Enhancement Capsule*2
542,2023-02-03 10:02:11,810,Parts*100
542,2023-02-03 10:02:11,828,Basic Training Data*30
542,2023-02-03 10:02:11,802,Manpower*200
542,2023-02-03 10:02:11,812,Parts*300
542,2023-02-03 10:02:11,830,Intermediate Training Data*20
542,2023-02-03 10:02:11,824,Quick Production*1
542,2023-02-03 10:02:11,878,Memory Fragment*10
542,2023-02-03 10:02:11,837,Calibration Ticket*20
542,2023-02-03 10:02:11,839,Battery*20
542,2023-02-03 10:02:11,818,Enhancement Capsule*4
542,2023-02-03 10:02:12,801,Manpower*100
542,2023-02-03 10:02:12,838,Calibration Ticket*30
542,2023-02-03 10:02:12,839,Battery*20
542,2023-02-03 10:02:12,807,Rations*100
542,2023-02-03 10:02:12,801,Manpower*100
542,2023-02-03 10:02:12,803,Manpower*300
542,2023-02-03 10:02:12,808,Rations*200
542,2023-02-03 10:02:12,801,Manpower*100
542,2023-02-03 10:02:12,807,Rations*100
542,2023-02-03 10:02:12,919,Original Sample
542,2023-02-03 10:02:13,920,Pure Sample
542,2023-02-03 10:02:13,830,Intermediate Training Data*20
542,2023-02-03 10:02:13,807,Rations*100
542,2023-02-03 10:02:13,812,Parts*300
542,2023-02-03 10:02:13,816,Enhancement Capsule*2
542,2023-02-03 10:02:13,826,Quick Training*1
542,2023-02-03 10:02:13,1395,Furniture: Wolf Shadow Returns
542,2023-02-03 10:02:13,817,Enhancement Capsule*3
542,2023-02-03 10:02:13,839,Battery*20
542,2023-02-03 10:02:13,801,Manpower*100
542,2023-02-03 10:02:14,839,Battery*20
542,2023-02-03 10:02:14,841,Battery*40
542,2023-02-03 10:02:14,807,Rations*100
542,2023-02-03 10:02:14,808,Rations*200
542,2023-02-03 10:02:14,920,Pure Sample
542,2023-02-03 10:02:14,828,Basic Training Data*30
542,2023-02-03 10:02:14,801,Manpower*100
542,2023-02-03 10:02:14,816,Enhancement Capsule*2
542,2023-02-03 10:02:14,801,Manpower*100
542,2023-02-03 10:02:14,829,Basic Training Data*40
542,2023-02-03 10:02:15,801,Manpower*100
542,2023-02-03 10:02:15,825,Quick Repair*1
542,2023-02-03 10:02:15,807,Rations*100
542,2023-02-03 10:02:15,825,Quick Repair*1
542,2023-02-03 10:02:15,809,Rations*300
542,2023-02-03 10:02:15,827,Basic Training Data*20
542,2023-02-03 10:02:15,818,Enhancement Capsule*4
542,2023-02-03 10:02:15,801,Manpower*100
542,2023-02-03 10:02:15,810,Parts*100
542,2023-02-03 10:02:15,822,T-Doll Contract*1
542,2023-02-03 10:02:16,825,Quick Repair*1
542,2023-02-03 10:02:16,804,Ammo*100
542,2023-02-03 10:02:16,817,Enhancement Capsule*3
542,2023-02-03 10:02:16,807,Rations*100
542,2023-02-03 10:02:16,807,Rations*100
542,2023-02-03 10:02:16,819,Dummy Core*1
542,2023-02-03 10:02:16,804,Ammo*100
542,2023-02-03 10:02:16,919,Original Sample
542,2023-02-03 10:02:16,811,Parts*200
542,2023-02-03 10:02:16,840,Battery*30
542,2023-02-03 10:02:17,827,Basic Training Data*20
542,2023-02-03 10:02:17,920,Pure Sample
542,2023-02-03 10:02:17,815,Token*4
542,2023-02-03 10:02:17,825,Quick Repair*1
542,2023-02-03 10:02:17,804,Ammo*100
542,2023-02-03 10:02:17,810,Parts*100
542,2023-02-03 10:02:17,808,Rations*200
542,2023-02-03 10:02:17,841,Battery*40
542,2023-02-03 10:02:17,805,Ammo*200
542,2023-02-03 10:02:17,1395,Furniture: Wolf Shadow Returns
542,2023-02-03 10:02:18,801,Manpower*100
542,2023-02-03 10:02:18,807,Rations*100
542,2023-02-03 10:02:18,919,Original Sample
542,2023-02-03 10:02:18,817,Enhancement Capsule*3
542,2023-02-03 10:02:18,827,Basic Training Data*20
542,2023-02-03 10:02:18,827,Basic Training Data*20
542,2023-02-03 10:02:18,810,Parts*100
542,2023-02-03 10:02:18,40155,prize-10040155
542,2023-02-03 10:02:18,807,Rations*100
542,2023-02-03 10:02:18,809,Rations*300
542,2023-02-03 10:02:19,809,Rations*300
542,2023-02-03 10:02:19,805,Ammo*200
542,2023-02-03 10:02:19,807,Rations*100
542,2023-02-03 10:02:19,805,Ammo*200
542,2023-02-03 10:02:19,878,Memory Fragment*10
542,2023-02-03 10:02:19,812,Parts*300
542,2023-02-03 10:02:19,803,Manpower*300
542,2023-02-03 10:02:19,804,Ammo*100
542,2023-02-03 10:02:19,807,Rations*100
542,2023-02-03 10:02:19,839,Battery*20
542,2023-02-03 10:02:20,802,Manpower*200
542,2023-02-03 10:02:20,810,Parts*100
542,2023-02-03 10:02:20,825,Quick Repair*1
542,2023-02-03 10:02:20,810,Parts*100
542,2023-02-03 10:02:20,833,Advanced Training Data*20
542,2023-02-03 10:02:20,802,Manpower*200
542,2023-02-03 10:02:20,1397,prize-10001397
542,2023-02-03 10:02:20,878,Memory Fragment*10
542,2023-02-03 10:02:20,839,Battery*20
542,2023-02-03 10:02:20,807,Rations*100
542,2023-02-03 10:02:22,879,Memory Fragment*20
542,2023-02-03 10:02:22,834,Advanced Training Data*30
542,2023-02-03 10:02:22,825,Quick Repair*1
542,2023-02-03 10:02:22,811,Parts*200
542,2023-02-03 10:02:22,880,Memory Fragment*30
542,2023-02-03 10:02:22,804,Ammo*100
542,2023-02-03 10:02:22,810,Parts*100
542,2023-02-03 10:02:22,817,Enhancement Capsule*3
542,2023-02-03 10:02:22,807,Rations*100
542,2023-02-03 10:02:22,836,Calibration Ticket*10
542,2023-02-03 10:02:23,827,Basic Training Data*20
542,2023-02-03 10:02:23,806,Ammo*300
542,2023-02-03 10:02:23,828,Basic Training Data*30
542,2023-02-03 10:02:23,825,Quick Repair*1
542,2023-02-03 10:02:23,801,Manpower*100
542,2023-02-03 10:02:23,804,Ammo*100
542,2023-02-03 10:02:23,824,Quick Production*1
542,2023-02-03 10:02:23,801,Manpower*100
542,2023-02-03 10:02:23,807,Rations*100
542,2023-02-03 10:02:23,807,Rations*100
542,2023-02-03 10:02:24,810,Parts*100
542,2023-02-03 10:02:24,802,Manpower*200
542,2023-02-03 10:02:24,803,Manpower*300
542,2023-02-03 10:02:24,807,Rations*100
542,2023-02-03 10:02:24,811,Parts*200
542,2023-02-03 10:02:24,810,Parts*100
542,2023-02-03 10:02:24,816,Enhancement Capsule*2
542,2023-02-03 10:02:24,827,Basic Training Data*20
542,2023-02-03 10:02:24,804,Ammo*100
542,2023-02-03 10:02:24,817,Enhancement Capsule*3
542,2023-02-03 10:02:26,879,Memory Fragment*20
542,2023-02-03 10:02:26,919,Original Sample
542,2023-02-03 10:02:26,801,Manpower*100
542,2023-02-03 10:02:26,825,Quick Repair*1
542,2023-02-03 10:02:26,828,Basic Training Data*30
542,2023-02-03 10:02:26,817,Enhancement Capsule*3
542,2023-02-03 10:02:26,804,Ammo*100
542,2023-02-03 10:02:26,839,Battery*20
542,2023-02-03 10:02:26,824,Quick Production*1
542,2023-02-03 10:02:26,824,Quick Production*1
542,2023-02-03 10:02:27,817,Enhancement Capsule*3
542,2023-02-03 10:02:27,828,Basic Training Data*30
542,2023-02-03 10:02:27,804,Ammo*100
542,2023-02-03 10:02:27,40154,prize-10040154
542,2023-02-03 10:02:27,810,Parts*100
542,2023-02-03 10:02:27,920,Pure Sample
542,2023-02-03 10:02:27,812,Parts*300
542,2023-02-03 10:02:27,879,Memory Fragment*20
542,2023-02-03 10:02:27,807,Rations*100
542,2023-02-03 10:02:27,919,Original Sample
542,2023-02-03 10:02:28,839,Battery*20
542,2023-02-03 10:02:28,807,Rations*100
542,2023-02-03 10:02:28,921,Quick Analysis Contract
542,2023-02-03 10:02:28,825,Quick Repair*1
542,2023-02-03 10:02:28,810,Parts*100
542,2023-02-03 10:02:28,825,Quick Repair*1
542,2023-02-03 10:02:28,839,Battery*20
542,2023-02-03 10:02:28,810,Parts*100
542,2023-02-03 10:02:28,801,Manpower*100
542,2023-02-03 10:02:28,805,Ammo*200
542,2023-02-03 10:02:29,839,Battery*20
542,2023-02-03 10:02:29,808,Rations*200
542,2023-02-03 10:02:29,878,Memory Fragment*10
542,2023-02-03 10:02:29,878,Memory Fragment*10
542,2023-02-03 10:02:29,811,Parts*200
542,2023-02-03 10:02:29,825,Quick Repair*1
542,2023-02-03 10:02:29,801,Manpower*100
542,2023-02-03 10:02:29,803,Manpower*300
542,2023-02-03 10:02:29,829,Basic Training Data*40
542,2023-02-03 10:02:29,919,Original Sample
542,2023-02-03 10:02:30,822,T-Doll Contract*1
542,2023-02-03 10:02:30,807,Rations*100
542,2023-02-03 10:02:30,801,Manpower*100
542,2023-02-03 10:02:30,811,Parts*200
542,2023-02-03 10:02:30,810,Parts*100
542,2023-02-03 10:02:30,828,Basic Training Data*30
542,2023-02-03 10:02:30,919,Original Sample
542,2023-02-03 10:02:30,807,Rations*100
542,2023-02-03 10:02:30,816,Enhancement Capsule*2
542,2023-02-03 10:02:30,807,Rations*100
542,2023-02-03 10:02:31,825,Quick Repair*1
542,2023-02-03 10:02:31,811,Parts*200
542,2023-02-03 10:02:31,816,Enhancement Capsule*2
542,2023-02-03 10:02:31,816,Enhancement Capsule*2
542,2023-02-03 10:02:31,827,Basic Training Data*20
542,2023-02-03 10:02:31,825,Quick Repair*1
542,2023-02-03 10:02:31,830,Intermediate Training Data*20
542,2023-02-03 10:02:31,804,Ammo*100
542,2023-02-03 10:02:31,878,Memory Fragment*10
542,2023-02-03 10:02:31,823,Equipment Contract*1
542,2023-02-03 10:02:32,839,Battery*20
542,2023-02-03 10:02:32,801,Manpower*100
542,2023-02-03 10:02:32,807,Rations*100
542,2023-02-03 10:02:32,827,Basic Training Data*20
542,2023-02-03 10:02:32,819,Dummy Core*1
542,2023-02-03 10:02:32,827,Basic Training Data*20
542,2023-02-03 10:02:32,810,Parts*100
542,2023-02-03 10:02:32,878,Memory Fragment*10
542,2023-02-03 10:02:32,820,Dummy Core*2
542,2023-02-03 10:02:32,824,Quick Production*1
542,2023-02-03 10:02:33,830,Intermediate Training Data*20
542,2023-02-03 10:02:33,807,Rations*100
542,2023-02-03 10:02:33,1395,Furniture: Wolf Shadow Returns
542,2023-02-03 10:02:33,823,Equipment Contract*1
542,2023-02-03 10:02:33,802,Manpower*200
542,2023-02-03 10:02:33,807,Rations*100
542,2023-02-03 10:02:33,805,Ammo*200
542,2023-02-03 10:02:33,822,T-Doll Contract*1
542,2023-02-03 10:02:33,819,Dummy Core*1
542,2023-02-03 10:02:33,803,Manpower*300
542,2023-02-03 10:02:34,811,Parts*200
542,2023-02-03 10:02:34,818,Enhancement Capsule*4
542,2023-02-03 10:02:34,801,Manpower*100
542,2023-02-03 10:02:34,810,Parts*100
542,2023-02-03 10:02:34,801,Manpower*100
542,2023-02-03 10:02:34,919,Original Sample
542,2023-02-03 10:02:34,816,Enhancement Capsule*2
542,2023-02-03 10:02:34,801,Manpower*100
542,2023-02-03 10:02:34,805,Ammo*200
542,2023-02-03 10:02:34,819,Dummy Core*1
542,2023-02-03 10:02:35,801,Manpower*100
542,2023-02-03 10:02:35,811,Parts*200
542,2023-02-03 10:02:35,878,Memory Fragment*10
542,2023-02-03 10:02:35,805,Ammo*200
542,2023-02-03 10:02:35,810,Parts*100
542,2023-02-03 10:02:35,831,Intermediate Training Data*30
542,2023-02-03 10:02:35,807,Rations*100
542,2023-02-03 10:02:35,825,Quick Repair*1
542,2023-02-03 10:02:35,801,Manpower*100
542,2023-02-03 10:02:35,823,Equipment Contract*1
542,2023-02-03 10:02:36,807,Rations*100
542,2023-02-03 10:02:36,817,Enhancement Capsule*3
542,2023-02-03 10:02:36,804,Ammo*100
542,2023-02-03 10:02:36,823,Equipment Contract*1
542,2023-02-03 10:02:36,880,Memory Fragment*30
542,2023-02-03 10:02:36,919,Original Sample
542,2023-02-03 10:02:36,828,Basic Training Data*30
542,2023-02-03 10:02:36,801,Manpower*100
542,2023-02-03 10:02:36,919,Original Sample
542,2023-02-03 10:02:36,878,Memory Fragment*10
542,2023-02-03 10:02:37,919,Original Sample
542,2023-02-03 10:02:37,822,T-Doll Contract*1
542,2023-02-03 10:02:37,811,Parts*200
542,2023-02-03 10:02:37,919,Original Sample
542,2023-02-03 10:02:37,807,Rations*100
542,2023-02-03 10:02:37,810,Parts*100
542,2023-02-03 10:02:37,839,Battery*20
542,2023-02-03 10:02:37,804,Ammo*100
542,2023-02-03 10:02:37,808,Rations*200
542,2023-02-03 10:02:37,801,Manpower*100
542,2023-02-03 10:02:39,804,Ammo*100
542,2023-02-03 10:02:39,808,Rations*200
542,2023-02-03 10:02:39,831,Intermediate Training Data*30
542,2023-02-03 10:02:39,825,Quick Repair*1
542,2023-02-03 10:02:39,878,Memory Fragment*10
542,2023-02-03 10:02:39,879,Memory Fragment*20
542,2023-02-03 10:02:39,878,Memory Fragment*10
542,2023-02-03 10:02:39,830,Intermediate Training Data*20
542,2023-02-03 10:02:39,919,Original Sample
542,2023-02-03 10:02:39,816,Enhancement Capsule*2
542,2023-02-03 10:02:40,804,Ammo*100
542,2023-02-03 10:02:40,807,Rations*100
542,2023-02-03 10:02:40,807,Rations*100
542,2023-02-03 10:02:40,828,Basic Training Data*30
542,2023-02-03 10:02:40,803,Manpower*300
542,2023-02-03 10:02:40,825,Quick Repair*1
542,2023-02-03 10:02:40,824,Quick Production*1
542,2023-02-03 10:02:40,802,Manpower*200
542,2023-02-03 10:02:40,830,Intermediate Training Data*20
542,2023-02-03 10:02:40,830,Intermediate Training Data*20
542,2023-02-03 10:02:41,818,Enhancement Capsule*4
542,2023-02-03 10:02:41,878,Memory Fragment*10
542,2023-02-03 10:02:41,878,Memory Fragment*10
542,2023-02-03 10:02:41,817,Enhancement Capsule*3
542,2023-02-03 10:02:41,829,Basic Training Data*40
542,2023-02-03 10:02:41,878,Memory Fragment*10
542,2023-02-03 10:02:41,810,Parts*100
542,2023-02-03 10:02:41,817,Enhancement Capsule*3
542,2023-02-03 10:02:41,816,Enhancement Capsule*2
542,2023-02-03 10:02:41,878,Memory Fragment*10
542,2023-02-03 10:02:42,830,Intermediate Training Data*20
542,2023-02-03 10:02:42,839,Battery*20
542,2023-02-03 10:02:42,818,Enhancement Capsule*4
542,2023-02-03 10:02:42,808,Rations*200
542,2023-02-03 10:02:42,808,Rations*200
542,2023-02-03 10:02:42,832,Intermediate Training Data*40
542,2023-02-03 10:02:42,807,Rations*100
542,2023-02-03 10:02:42,879,Memory Fragment*20
542,2023-02-03 10:02:42,825,Quick Repair*1
542,2023-02-03 10:02:42,825,Quick Repair*1
542,2023-02-03 10:02:43,840,Battery*30
542,2023-02-03 10:02:43,879,Memory Fragment*20
542,2023-02-03 10:02:43,921,Quick Analysis Contract
542,2023-02-03 10:02:43,831,Intermediate Training Data*30
542,2023-02-03 10:02:43,839,Battery*20
542,2023-02-03 10:02:43,839,Battery*20
542,2023-02-03 10:02:43,824,Quick Production*1
542,2023-02-03 10:02:43,811,Parts*200
542,2023-02-03 10:02:43,801,Manpower*100
542,2023-02-03 10:02:43,810,Parts*100
542,2023-02-03 10:02:44,827,Basic Training Data*20
542,2023-02-03 10:02:44,807,Rations*100
542,2023-02-03 10:02:44,919,Original Sample
542,2023-02-03 10:02:44,816,Enhancement Capsule*2
542,2023-02-03 10:02:44,806,Ammo*300
542,2023-02-03 10:02:44,827,Basic Training Data*20
542,2023-02-03 10:02:44,878,Memory Fragment*10
542,2023-02-03 10:02:44,841,Battery*40
542,2023-02-03 10:02:44,840,Battery*30
542,2023-02-03 10:02:44,825,Quick Repair*1
542,2023-02-03 10:02:45,813,Token*2
542,2023-02-03 10:02:45,810,Parts*100
542,2023-02-03 10:02:45,808,Rations*200
542,2023-02-03 10:02:45,825,Quick Repair*1
542,2023-02-03 10:02:45,40154,prize-10040154
542,2023-02-03 10:02:45,824,Quick Production*1
542,2023-02-03 10:02:45,1397,prize-10001397
542,2023-02-03 10:02:45,920,Pure Sample
542,2023-02-03 10:02:45,811,Parts*200
542,2023-02-03 10:02:45,1396,Furniture: Operation Aeneas Memorabilia
542,2023-02-03 10:02:47,839,Battery*20
542,2023-02-03 10:02:47,920,Pure Sample
542,2023-02-03 10:02:47,878,Memory Fragment*10
542,2023-02-03 10:02:47,825,Quick Repair*1
542,2023-02-03 10:02:47,825,Quick Repair*1
542,2023-02-03 10:02:47,804,Ammo*100
542,2023-02-03 10:02:47,801,Manpower*100
542,2023-02-03 10:02:47,827,Basic Training Data*20
542,2023-02-03 10:02:47,810,Parts*100
542,2023-02-03 10:02:47,817,Enhancement Capsule*3
542,2023-02-03 10:02:48,830,Intermediate Training Data*20
542,2023-02-03 10:02:48,827,Basic Training Data*20
542,2023-02-03 10:02:48,816,Enhancement Capsule*2
542,2023-02-03 10:02:48,801,Manpower*100
542,2023-02-03 10:02:48,828,Basic Training Data*30
542,2023-02-03 10:02:48,839,Battery*20
542,2023-02-03 10:02:48,836,Calibration Ticket*10
542,2023-02-03 10:02:48,803,Manpower*300
542,2023-02-03 10:02:48,878,Memory Fragment*10
542,2023-02-03 10:02:48,810,Parts*100
542,2023-02-03 10:02:49,801,Manpower*100
542,2023-02-03 10:02:49,816,Enhancement Capsule*2
542,2023-02-03 10:02:49,810,Parts*100
542,2023-02-03 10:02:49,827,Basic Training Data*20
542,2023-02-03 10:02:49,878,Memory Fragment*10
542,2023-02-03 10:02:49,833,Advanced Training Data*20
542,2023-02-03 10:02:49,810,Parts*100
542,2023-02-03 10:02:49,802,Manpower*200
542,2023-02-03 10:02:49,825,Quick Repair*1
542,2023-02-03 10:02:49,921,Quick Analysis Contract
542,2023-02-03 10:02:50,805,Ammo*200
542,2023-02-03 10:02:50,816,Enhancement Capsule*2
542,2023-02-03 10:02:50,812,Parts*300
542,2023-02-03 10:02:50,819,Dummy Core*1
542,2023-02-03 10:02:50,40155,prize-10040155
542,2023-02-03 10:02:50,841,Battery*40
542,2023-02-03 10:02:50,919,Original Sample
542,2023-02-03 10:02:50,817,Enhancement Capsule*3
542,2023-02-03 10:02:50,920,Pure Sample
542,2023-02-03 10:02:50,880,Memory Fragment*30
542,2023-02-03 10:02:51,801,Manpower*100
542,2023-02-03 10:02:51,802,Manpower*200
542,2023-02-03 10:02:51,804,Ammo*100
542,2023-02-03 10:02:51,816,Enhancement Capsule*2
542,2023-02-03 10:02:51,803,Manpower*300
542,2023-02-03 10:02:51,807,Rations*100
542,2023-02-03 10:02:51,827,Basic Training Data*20
542,2023-02-03 10:02:51,801,Manpower*100
542,2023-02-03 10:02:51,827,Basic Training Data*20
542,2023-02-03 10:02:51,808,Rations*200
542,2023-02-03 10:02:52,833,Advanced Training Data*20
542,2023-02-03 10:02:52,828,Basic Training Data*30
542,2023-02-03 10:02:52,816,Enhancement Capsule*2
542,2023-02-03 10:02:52,880,Memory Fragment*30
542,2023-02-03 10:02:52,839,Battery*20
542,2023-02-03 10:02:52,827,Basic Training Data*20
542,2023-02-03 10:02:52,803,Manpower*300
542,2023-02-03 10:02:52,829,Basic Training Data*40
542,2023-02-03 10:02:52,810,Parts*100
542,2023-02-03 10:02:52,808,Rations*200
542,2023-02-03 10:02:53,834,Advanced Training Data*30
542,2023-02-03 10:02:53,801,Manpower*100
542,2023-02-03 10:02:53,802,Manpower*200
542,2023-02-03 10:02:53,810,Parts*100
542,2023-02-03 10:02:53,878,Memory Fragment*10
542,2023-02-03 10:02:53,839,Battery*20
542,2023-02-03 10:02:53,837,Calibration Ticket*20
542,2023-02-03 10:02:53,828,Basic Training Data*30
542,2023-02-03 10:02:53,804,Ammo*100
542,2023-02-03 10:02:53,878,Memory Fragment*10
542,2023-02-03 10:02:54,801,Manpower*100
542,2023-02-03 10:02:54,830,Intermediate Training Data*20
542,2023-02-03 10:02:54,879,Memory Fragment*20
542,2023-02-03 10:02:54,825,Quick Repair*1
542,2023-02-03 10:02:54,817,Enhancement Capsule*3
542,2023-02-03 10:02:54,804,Ammo*100
542,2023-02-03 10:02:54,804,Ammo*100
542,2023-02-03 10:02:54,833,Advanced Training Data*20
542,2023-02-03 10:02:54,919,Original Sample
542,2023-02-03 10:02:54,806,Ammo*300
542,2023-02-04 18:02:34,811,Parts*200
542,2023-02-04 18:02:34,827,Basic Training Data*20
542,2023-02-04 18:02:34,802,Manpower*200
542,2023-02-04 18:02:34,816,Enhancement Capsule*2
542,2023-02-04 18:02:34,919,Original Sample
542,2023-02-04 18:02:34,804,Ammo*100
542,2023-02-04 18:02:34,801,Manpower*100
542,2023-02-04 18:02:34,827,Basic Training Data*20
542,2023-02-04 18:02:34,823,Equipment Contract*1
542,2023-02-04 18:02:34,840,Battery*30
542,2023-02-04 18:02:36,879,Memory Fragment*20
542,2023-02-04 18:02:36,801,Manpower*100
542,2023-02-04 18:02:36,919,Original Sample
542,2023-02-04 18:02:36,828,Basic Training Data*30
542,2023-02-04 18:02:36,807,Rations*100
542,2023-02-04 18:02:36,817,Enhancement Capsule*3
542,2023-02-04 18:02:36,817,Enhancement Capsule*3
542,2023-02-04 18:02:36,880,Memory Fragment*30
542,2023-02-04 18:02:36,811,Parts*200
542,2023-02-04 18:02:36,817,Enhancement Capsule*3
542,2023-02-04 18:02:38,802,Manpower*200
542,2023-02-04 18:02:38,810,Parts*100
542,2023-02-04 18:02:38,837,Calibration Ticket*20
542,2023-02-04 18:02:38,801,Manpower*100
542,2023-02-04 18:02:38,824,Quick Production*1
542,2023-02-04 18:02:38,839,Battery*20
542,2023-02-04 18:02:38,802,Manpower*200
542,2023-02-04 18:02:38,819,Dummy Core*1
542,2023-02-04 18:02:38,813,Token*2
542,2023-02-04 18:02:38,840,Battery*30
542,2023-02-04 18:02:40,826,Quick Training*1
542,2023-02-04 18:02:40,825,Quick Repair*1
542,2023-02-04 18:02:40,40154,prize-10040154
542,2023-02-04 18:02:40,830,Intermediate Training Data*20
542,2023-02-04 18:02:40,804,Ammo*100
542,2023-02-04 18:02:40,919,Original Sample
542,2023-02-04 18:02:40,825,Quick Repair*1
542,2023-02-04 18:02:40,817,Enhancement Capsule*3
542,2023-02-04 18:02:40,807,Rations*100
542,2023-02-04 18:02:40,830,Intermediate Training Data*20
542,2023-02-04 18:02:42,807,Rations*100
542,2023-02-04 18:02:42,831,Intermediate Training Data*30
542,2023-02-04 18:02:42,839,Battery*20
542,2023-02-04 18:02:42,834,Advanced Training Data*30
542,2023-02-04 18:02:42,809,Rations*300
542,2023-02-04 18:02:42,880,Memory Fragment*30
542,2023-02-04 18:02:42,821,Dummy Core*3
542,2023-02-04 18:02:42,825,Quick Repair*1
542,2023-02-04 18:02:42,827,Basic Training Data*20
542,2023-02-04 18:02:42,825,Quick Repair*1
542,2023-02-04 18:02:43,804,Ammo*100
542,2023-02-04 18:02:43,811,Parts*200
542,2023-02-04 18:02:43,807,Rations*100
542,2023-02-04 18:02:43,804,Ammo*100
542,2023-02-04 18:02:43,802,Manpower*200
542,2023-02-04 18:02:43,810,Parts*100
542,2023-02-04 18:02:43,810,Parts*100
542,2023-02-04 18:02:43,804,Ammo*100
542,2023-02-04 18:02:43,816,Enhancement Capsule*2
542,2023-02-04 18:02:43,817,Enhancement Capsule*3
542,2023-02-05 10:14:17,810,Parts*100
542,2023-02-05 10:14:17,812,Parts*300
542,2023-02-05 10:14:17,812,Parts*300
542,2023-02-05 10:14:17,818,Enhancement Capsule*4
542,2023-02-05 10:14:17,919,Original Sample
542,2023-02-05 10:14:17,828,Basic Training Data*30
542,2023-02-05 10:14:17,837,Calibration Ticket*20
542,2023-02-05 10:14:17,810,Parts*100
542,2023-02-05 10:14:17,817,Enhancement Capsule*3
542,2023-02-05 10:14:17,816,Enhancement Capsule*2
542,2023-02-05 10:14:19,827,Basic Training Data*20
542,2023-02-05 10:14:19,806,Ammo*300
542,2023-02-05 10:14:19,807,Rations*100
542,2023-02-05 10:14:19,810,Parts*100
542,2023-02-05 10:14:19,801,Manpower*100
542,2023-02-05 10:14:19,827,Basic Training Data*20
542,2023-02-05 10:14:19,840,Battery*30
542,2023-02-05 10:14:19,804,Ammo*100
542,2023-02-05 10:14:19,808,Rations*200
542,2023-02-05 10:14:19,811,Parts*200
542,2023-02-05 10:14:20,807,Rations*100
542,2023-02-05 10:14:20,811,Parts*200
542,2023-02-05 10:14:20,878,Memory Fragment*10
542,2023-02-05 10:14:20,839,Battery*20
542,2023-02-05 10:14:20,830,Intermediate Training Data*20
542,2023-02-05 10:14:20,807,Rations*100
542,2023-02-05 10:14:20,804,Ammo*100
542,2023-02-05 10:14:20,816,Enhancement Capsule*2
542,2023-02-05 10:14:20,878,Memory Fragment*10
542,2023-02-05 10:14:20,805,Ammo*200
542,2023-02-05 10:14:22,818,Enhancement Capsule*4
542,2023-02-05 10:14:22,808,Rations*200
542,2023-02-05 10:14:22,830,Intermediate Training Data*20
542,2023-02-05 10:14:22,804,Ammo*100
542,2023-02-05 10:14:22,825,Quick Repair*1
542,2023-02-05 10:14:22,841,Battery*40
542,2023-02-05 10:14:22,812,Parts*300
542,2023-02-05 10:14:22,834,Advanced Training Data*30
542,2023-02-05 10:14:22,841,Battery*40
542,2023-02-05 10:14:22,839,Battery*20
542,2023-02-05 10:14:23,825,Quick Repair*1
542,2023-02-05 10:14:23,812,Parts*300
542,2023-02-05 10:14:23,825,Quick Repair*1
542,2023-02-05 10:14:23,808,Rations*200
542,2023-02-05 10:14:23,818,Enhancement Capsule*4
542,2023-02-05 10:14:23,809,Rations*300
542,2023-02-05 10:14:23,879,Memory Fragment*20
542,2023-02-05 10:14:23,810,Parts*100
542,2023-02-05 10:14:23,813,Token*2
542,2023-02-05 10:14:23,830,Intermediate Training Data*20
542,2023-02-05 10:14:24,812,Parts*300
542,2023-02-05 10:14:24,811,Parts*200
542,2023-02-05 10:14:24,920,Pure Sample
542,2023-02-05 10:14:24,825,Quick Repair*1
542,2023-02-05 10:14:24,801,Manpower*100
542,2023-02-05 10:14:24,824,Quick Production*1
542,2023-02-05 10:14:24,920,Pure Sample
542,2023-02-05 10:14:24,806,Ammo*300
542,2023-02-05 10:14:24,804,Ammo*100
542,2023-02-05 10:14:24,830,Intermediate Training Data*20
542,2023-02-06 11:13:47,828,Basic Training Data*30
542,2023-02-06 11:13:47,834,Advanced Training Data*30
542,2023-02-06 11:13:47,839,Battery*20
542,2023-02-06 11:13:47,811,Parts*200
542,2023-02-06 11:13:47,40155,prize-10040155
542,2023-02-06 11:13:47,878,Memory Fragment*10
542,2023-02-06 11:13:47,805,Ammo*200
542,2023-02-06 11:13:47,1394,Furniture: Butterfly's Perch
542,2023-02-06 11:13:47,826,Quick Training*1
542,2023-02-06 11:13:47,818,Enhancement Capsule*4
542,2023-02-06 11:13:49,828,Basic Training Data*30
542,2023-02-06 11:13:49,807,Rations*100
542,2023-02-06 11:13:49,919,Original Sample
542,2023-02-06 11:13:49,816,Enhancement Capsule*2
542,2023-02-06 11:13:49,801,Manpower*100
542,2023-02-06 11:13:49,817,Enhancement Capsule*3
542,2023-02-06 11:13:49,820,Dummy Core*2
542,2023-02-06 11:13:49,811,Parts*200
542,2023-02-06 11:13:49,811,Parts*200
542,2023-02-06 11:13:49,1394,Furniture: Butterfly's Perch
542,2023-02-06 11:13:51,810,Parts*100
542,2023-02-06 11:13:51,827,Basic Training Data*20
542,2023-02-06 11:13:51,816,Enhancement Capsule*2
542,2023-02-06 11:13:51,816,Enhancement Capsule*2
542,2023-02-06 11:13:51,879,Memory Fragment*20
542,2023-02-06 11:13:51,810,Parts*100
542,2023-02-06 11:13:51,919,Original Sample
542,2023-02-06 11:13:51,816,Enhancement Capsule*2
542,2023-02-06 11:13:51,806,Ammo*300
542,2023-02-06 11:13:51,811,Parts*200
542,2023-02-06 11:13:53,819,Dummy Core*1
542,2023-02-06 11:13:53,827,Basic Training Data*20
542,2023-02-06 11:13:53,830,Intermediate Training Data*20
542,2023-02-06 11:13:53,807,Rations*100
542,2023-02-06 11:13:53,841,Battery*40
542,2023-02-06 11:13:53,802,Manpower*200
542,2023-02-06 11:13:53,825,Quick Repair*1
542,2023-02-06 11:13:53,803,Manpower*300
542,2023-02-06 11:13:53,816,Enhancement Capsule*2
542,2023-02-06 11:13:53,920,Pure Sample
542,2023-02-06 11:13:55,818,Enhancement Capsule*4
542,2023-02-06 11:13:55,802,Manpower*200
542,2023-02-06 11:13:55,804,Ammo*100
542,2023-02-06 11:13:55,837,Calibration Ticket*20
542,2023-02-06 11:13:55,40155,prize-10040155
542,2023-02-06 11:13:55,827,Basic Training Data*20
542,2023-02-06 11:13:55,807,Rations*100
542,2023-02-06 11:13:55,810,Parts*100
542,2023-02-06 11:13:55,40154,prize-10040154
542,2023-02-06 11:13:55,820,Dummy Core*2
542,2023-02-06 11:13:56,827,Basic Training Data*20
542,2023-02-06 11:13:56,827,Basic Training Data*20
542,2023-02-06 11:13:56,825,Quick Repair*1
542,2023-02-06 11:13:56,807,Rations*100
542,2023-02-06 11:13:56,836,Calibration Ticket*10
542,2023-02-06 11:13:56,40154,prize-10040154
542,2023-02-06 11:13:56,827,Basic Training Data*20
542,2023-02-06 11:13:56,840,Battery*30
542,2023-02-06 11:13:56,802,Manpower*200
542,2023-02-06 11:13:56,810,Parts*100
542,2023-02-07 23:47:23,831,Intermediate Training Data*30
542,2023-02-07 23:47:23,834,Advanced Training Data*30
542,2023-02-07 23:47:23,920,Pure Sample
542,2023-02-07 23:47:23,879,Memory Fragment*20
542,2023-02-07 23:47:23,801,Manpower*100
542,2023-02-07 23:47:23,810,Parts*100
542,2023-02-07 23:47:23,833,Advanced Training Data*20
542,2023-02-07 23:47:23,833,Advanced Training Data*20
542,2023-02-07 23:47:23,825,Quick Repair*1
542,2023-02-07 23:47:23,820,Dummy Core*2
542,2023-02-07 23:47:25,833,Advanced Training Data*20
542,2023-02-07 23:47:25,880,Memory Fragment*30
542,2023-02-07 23:47:25,811,Parts*200
542,2023-02-07 23:47:25,878,Memory Fragment*10
542,2023-02-07 23:47:25,878,Memory Fragment*10
542,2023-02-07 23:47:25,825,Quick Repair*1
542,2023-02-07 23:47:25,810,Parts*100
542,2023-02-07 23:47:25,825,Quick Repair*1
542,2023-02-07 23:47:25,827,Basic Training Data*20
542,2023-02-07 23:47:25,802,Manpower*200
542,2023-02-07 23:47:27,815,Token*4
542,2023-02-07 23:47:27,921,Quick Analysis Contract
542,2023-02-07 23:47:27,805,Ammo*200
542,2023-02-07 23:47:27,816,Enhancement Capsule*2
542,2023-02-07 23:47:27,838,Calibration Ticket*30
542,2023-02-07 23:47:27,840,Battery*30
542,2023-02-07 23:47:27,816,Enhancement Capsule*2
542,2023-02-07 23:47:27,833,Advanced Training Data*20
542,2023-02-07 23:47:27,805,Ammo*200
542,2023-02-07 23:47:27,818,Enhancement Capsule*4
542,2023-02-07 23:47:29,811,Parts*200
542,2023-02-07 23:47:29,825,Quick Repair*1
542,2023-02-07 23:47:29,837,Calibration Ticket*20
542,2023-02-07 23:47:29,805,Ammo*200
542,2023-02-07 23:47:29,801,Manpower*100
542,2023-02-07 23:47:29,808,Rations*200
542,2023-02-07 23:47:29,807,Rations*100
542,2023-02-07 23:47:29,816,Enhancement Capsule*2
542,2023-02-07 23:47:29,827,Basic Training Data*20
542,2023-02-07 23:47:29,810,Parts*100
542,2023-02-07 23:47:35,830,Intermediate Training Data*20
542,2023-02-07 23:47:35,879,Memory Fragment*20
542,2023-02-07 23:47:35,824,Quick Production*1
542,2023-02-07 23:47:35,839,Battery*20
542,2023-02-07 23:47:35,919,Original Sample
542,2023-02-07 23:47:35,810,Parts*100
542,2023-02-07 23:47:35,807,Rations*100
542,2023-02-07 23:47:35,820,Dummy Core*2
542,2023-02-07 23:47:35,807,Rations*100
542,2023-02-07 23:47:35,821,Dummy Core*3
542,2023-02-07 23:47:38,834,Advanced Training Data*30
542,2023-02-07 23:47:38,816,Enhancement Capsule*2
542,2023-02-07 23:47:38,805,Ammo*200
542,2023-02-07 23:47:38,817,Enhancement Capsule*3
542,2023-02-07 23:47:38,816,Enhancement Capsule*2
542,2023-02-07 23:47:38,810,Parts*100
542,2023-02-07 23:47:38,1397,prize-10001397
542,2023-02-07 23:47:38,841,Battery*40
542,2023-02-07 23:47:38,825,Quick Repair*1
542,2023-02-07 23:47:38,830,Intermediate Training Data*20
542,2023-02-08 09:50:07,802,Manpower*200
542,2023-02-08 09:50:07,920,Pure Sample
542,2023-02-08 09:50:07,811,Parts*200
542,2023-02-08 09:50:07,802,Manpower*200
542,2023-02-08 09:50:07,825,Quick Repair*1
542,2023-02-08 09:50:07,801,Manpower*100
542,2023-02-08 09:50:07,807,Rations*100
542,2023-02-08 09:50:07,801,Manpower*100
542,2023-02-08 09:50:07,809,Rations*300
542,2023-02-08 09:50:07,807,Rations*100
542,2023-02-08 09:50:09,807,Rations*100
542,2023-02-08 09:50:09,829,Basic Training Data*40
542,2023-02-08 09:50:09,810,Parts*100
542,2023-02-08 09:50:09,40155,prize-10040155
542,2023-02-08 09:50:09,804,Ammo*100
542,2023-02-08 09:50:09,801,Manpower*100
542,2023-02-08 09:50:09,825,Quick Repair*1
542,2023-02-08 09:50:09,831,Intermediate Training Data*30
542,2023-02-08 09:50:09,920,Pure Sample
542,2023-02-08 09:50:09,920,Pure Sample
542,2023-02-08 09:50:11,830,Intermediate Training Data*20
542,2023-02-08 09:50:11,815,Token*4
542,2023-02-08 09:50:11,811,Parts*200
542,2023-02-08 09:50:11,840,Battery*30
542,2023-02-08 09:50:11,840,Battery*30
542,2023-02-08 09:50:11,804,Ammo*100
542,2023-02-08 09:50:11,810,Parts*100
542,2023-02-08 09:50:11,816,Enhancement Capsule*2
542,2023-02-08 09:50:11,919,Original Sample
542,2023-02-08 09:50:11,805,Ammo*200
542,2023-02-08 09:50:12,878,Memory Fragment*10
542,2023-02-08 09:50:12,839,Battery*20
542,2023-02-08 09:50:12,804,Ammo*100
542,2023-02-08 09:50:12,920,Pure Sample
542,2023-02-08 09:50:12,821,Dummy Core*3
542,2023-02-08 09:50:12,802,Manpower*200
542,2023-02-08 09:50:12,811,Parts*200
542,2023-02-08 09:50:12,809,Rations*300
542,2023-02-08 09:50:12,828,Basic Training Data*30
542,2023-02-08 09:50:12,803,Manpower*300
542,2023-02-08 09:50:16,804,Ammo*100
542,2023-02-08 09:50:16,840,Battery*30
542,2023-02-08 09:50:16,818,Enhancement Capsule*4
542,2023-02-08 09:50:16,841,Battery*40
542,2023-02-08 09:50:16,1397,prize-10001397
542,2023-02-08 09:50:16,811,Parts*200
542,2023-02-08 09:50:16,825,Quick Repair*1
542,2023-02-08 09:50:16,808,Rations*200
542,2023-02-08 09:50:16,802,Manpower*200
542,2023-02-08 09:50:16,823,Equipment Contract*1
542,2023-02-08 09:50:17,809,Rations*300
542,2023-02-08 09:50:17,808,Rations*200
542,2023-02-08 09:50:17,805,Ammo*200
542,2023-02-08 09:50:17,831,Intermediate Training Data*30
542,2023-02-08 09:50:17,817,Enhancement Capsule*3
542,2023-02-08 09:50:17,813,Token*2
542,2023-02-08 09:50:17,808,Rations*200
542,2023-02-08 09:50:17,810,Parts*100
542,2023-02-08 09:50:17,840,Battery*30
542,2023-02-08 09:50:17,810,Parts*100
542,2023-02-09 21:50:02,804,Ammo*100
542,2023-02-09 21:50:02,804,Ammo*100
542,2023-02-09 21:50:02,919,Original Sample
542,2023-02-09 21:50:02,833,Advanced Training Data*20
542,2023-02-09 21:50:02,802,Manpower*200
542,2023-02-09 21:50:02,1395,Furniture: Wolf Shadow Returns
542,2023-02-09 21:50:02,806,Ammo*300
542,2023-02-09 21:50:02,822,T-Doll Contract*1
542,2023-02-09 21:50:02,833,Advanced Training Data*20
542,2023-02-09 21:50:02,878,Memory Fragment*10
542,2023-02-09 21:50:03,825,Quick Repair*1
542,2023-02-09 21:50:03,822,T-Doll Contract*1
542,2023-02-09 21:50:03,817,Enhancement Capsule*3
542,2023-02-09 21:50:03,829,Basic Training Data*40
542,2023-02-09 21:50:03,834,Advanced Training Data*30
542,2023-02-09 21:50:03,816,Enhancement Capsule*2
542,2023-02-09 21:50:03,808,Rations*200
542,2023-02-09 21:50:03,817,Enhancement Capsule*3
542,2023-02-09 21:50:03,829,Basic Training Data*40
542,2023-02-09 21:50:03,804,Ammo*100
542,2023-02-09 21:50:04,818,Enhancement Capsule*4
542,2023-02-09 21:50:04,802,Manpower*200
542,2023-02-09 21:50:04,832,Intermediate Training Data*40
542,2023-02-09 21:50:04,804,Ammo*100
542,2023-02-09 21:50:04,816,Enhancement Capsule*2
542,2023-02-09 21:50:04,826,Quick Training*1
542,2023-02-09 21:50:04,816,Enhancement Capsule*2
542,2023-02-09 21:50:04,822,T-Doll Contract*1
542,2023-02-09 21:50:04,833,Advanced Training Data*20
542,2023-02-09 21:50:04,822,T-Doll Contract*1
542,2023-02-09 21:50:06,804,Ammo*100
542,2023-02-09 21:50:06,805,Ammo*200
542,2023-02-09 21:50:06,819,Dummy Core*1
542,2023-02-09 21:50:06,802,Manpower*200
542,2023-02-09 21:50:06,824,Quick Production*1
542,2023-02-09 21:50:06,802,Manpower*200
542,2023-02-09 21:50:06,817,Enhancement Capsule*3
542,2023-02-09 21:50:06,801,Manpower*100
542,2023-02-09 21:50:06,816,Enhancement Capsule*2
542,2023-02-09 21:50:06,804,Ammo*100
542,2023-02-09 21:50:07,812,Parts*300
542,2023-02-09 21:50:07,815,Token*4
542,2023-02-09 21:50:07,827,Basic Training Data*20
542,2023-02-09 21:50:07,810,Parts*100
542,2023-02-09 21:50:07,827,Basic Training Data*20
542,2023-02-09 21:50:07,825,Quick Repair*1
542,2023-02-09 21:50:07,879,Memory Fragment*20
542,2023-02-09 21:50:07,810,Parts*100
542,2023-02-09 21:50:07,814,Token*3
542,2023-02-09 21:50:07,807,Rations*100
542,2023-02-09 21:50:08,808,Rations*200
542,2023-02-09 21:50:08,920,Pure Sample
542,2023-02-09 21:50:08,879,Memory Fragment*20
542,2023-02-09 21:50:08,810,Parts*100
542,2023-02-09 21:50:08,807,Rations*100
542,2023-02-09 21:50:08,801,Manpower*100
542,2023-02-09 21:50:08,816,Enhancement Capsule*2
542,2023-02-09 21:50:08,815,Token*4
542,2023-02-09 21:50:08,802,Manpower*200
542,2023-02-09 21:50:08,879,Memory Fragment*20
542,2023-02-10 09:24:20,827,Basic Training Data*20
542,2023-02-10 09:24:20,831,Intermediate Training Data*30
542,2023-02-10 09:24:20,827,Basic Training Data*20
542,2023-02-10 09:24:20,810,Parts*100
542,2023-02-10 09:24:20,809,Rations*300
542,2023-02-10 09:24:20,810,Parts*100
542,2023-02-10 09:24:20,810,Parts*100
542,2023-02-10 09:24:20,823,Equipment Contract*1
542,2023-02-10 09:24:20,831,Intermediate Training Data*30
542,2023-02-10 09:24:20,816,Enhancement Capsule*2
542,2023-02-10 09:24:21,827,Basic Training Data*20
542,2023-02-10 09:24:21,810,Parts*100
542,2023-02-10 09:24:21,823,Equipment Contract*1
542,2023-02-10 09:24:21,801,Manpower*100
542,2023-02-10 09:24:21,817,Enhancement Capsule*3
542,2023-02-10 09:24:21,801,Manpower*100
542,2023-02-10 09:24:21,825,Quick Repair*1
542,2023-02-10 09:24:21,817,Enhancement Capsule*3
542,2023-02-10 09:24:21,809,Rations*300
542,2023-02-10 09:24:21,804,Ammo*100
542,2023-02-10 09:24:22,811,Parts*200
542,2023-02-10 09:24:22,816,Enhancement Capsule*2
542,2023-02-10 09:24:22,811,Parts*200
542,2023-02-10 09:24:22,833,Advanced Training Data*20
542,2023-02-10 09:24:22,816,Enhancement Capsule*2
542,2023-02-10 09:24:22,878,Memory Fragment*10
542,2023-02-10 09:24:22,878,Memory Fragment*10
542,2023-02-10 09:24:22,816,Enhancement Capsule*2
542,2023-02-10 09:24:22,817,Enhancement Capsule*3
542,2023-02-10 09:24:22,830,Intermediate Training Data*20
542,2023-02-10 09:24:24,807,Rations*100
542,2023-02-10 09:24:24,835,Advanced Training Data*40
542,2023-02-10 09:24:24,804,Ammo*100
542,2023-02-10 09:24:24,801,Manpower*100
542,2023-02-10 09:24:24,804,Ammo*100
542,2023-02-10 09:24:24,879,Memory Fragment*20
542,2023-02-10 09:24:24,823,Equipment Contract*1
542,2023-02-10 09:24:24,819,Dummy Core*1
542,2023-02-10 09:24:24,836,Calibration Ticket*10
542,2023-02-10 09:24:24,810,Parts*100
542,2023-02-10 09:24:26,878,Memory Fragment*10
542,2023-02-10 09:24:26,820,Dummy Core*2
542,2023-02-10 09:24:26,840,Battery*30
542,2023-02-10 09:24:26,878,Memory Fragment*10
542,2023-02-10 09:24:26,812,Parts*300
542,2023-02-10 09:24:26,825,Quick Repair*1
542,2023-02-10 09:24:26,802,Manpower*200
542,2023-02-10 09:24:26,839,Battery*20
542,2023-02-10 09:24:26,810,Parts*100
542,2023-02-10 09:24:26,817,Enhancement Capsule*3
542,2023-02-10 09:24:28,40154,prize-10040154
542,2023-02-10 09:24:28,920,Pure Sample
542,2023-02-10 09:24:28,840,Battery*30
542,2023-02-10 09:24:28,840,Battery*30
542,2023-02-10 09:24:28,801,Manpower*100
542,2023-02-10 09:24:28,919,Original Sample
542,2023-02-10 09:24:28,801,Manpower*100
542,2023-02-10 09:24:28,878,Memory Fragment*10
542,2023-02-10 09:24:28,804,Ammo*100
542,2023-02-10 09:24:28,804,Ammo*100
542,2023-02-12 05:25:37,820,Dummy Core*2
542,2023-02-12 05:25:37,806,Ammo*300
542,2023-02-12 05:25:37,804,Ammo*100
542,2023-02-12 05:25:37,807,Rations*100
542,2023-02-12 05:25:37,40154,prize-10040154
542,2023-02-12 05:25:37,816,Enhancement Capsule*2
542,2023-02-12 05:25:37,816,Enhancement Capsule*2
542,2023-02-12 05:25:37,808,Rations*200
542,2023-02-12 05:25:37,805,Ammo*200
542,2023-02-12 05:25:37,825,Quick Repair*1
542,2023-02-12 05:25:38,802,Manpower*200
542,2023-02-12 05:25:38,831,Intermediate Training Data*30
542,2023-02-12 05:25:38,1395,Furniture: Wolf Shadow Returns
542,2023-02-12 05:25:38,817,Enhancement Capsule*3
542,2023-02-12 05:25:38,817,Enhancement Capsule*3
542,2023-02-12 05:25:38,823,Equipment Contract*1
542,2023-02-12 05:25:38,807,Rations*100
542,2023-02-12 05:25:38,825,Quick Repair*1
542,2023-02-12 05:25:38,810,Parts*100
542,2023-02-12 05:25:38,816,Enhancement Capsule*2
542,2023-02-12 05:25:39,833,Advanced Training Data*20
542,2023-02-12 05:25:39,816,Enhancement Capsule*2
542,2023-02-12 05:25:39,825,Quick Repair*1
542,2023-02-12 05:25:39,920,Pure Sample
542,2023-02-12 05:25:39,825,Quick Repair*1
542,2023-02-12 05:25:39,1393,Furniture: All-Seeing Eye
542,2023-02-12 05:25:39,819,Dummy Core*1
542,2023-02-12 05:25:39,834,Advanced Training Data*30
542,2023-02-12 05:25:39,879,Memory Fragment*20
542,2023-02-12 05:25:39,816,Enhancement Capsule*2
542,2023-02-12 05:25:40,807,Rations*100
542,2023-02-12 05:25:40,839,Battery*20
542,2023-02-12 05:25:40,807,Rations*100
542,2023-02-12 05:25:40,819,Dummy Core*1
542,2023-02-12 05:25:40,841,Battery*40
542,2023-02-12 05:25:40,839,Battery*20
542,2023-02-12 05:25:40,808,Rations*200
542,2023-02-12 05:25:40,819,Dummy Core*1
542,2023-02-12 05:25:40,812,Parts*300
542,2023-02-12 05:25:40,801,Manpower*100
542,2023-02-12 05:25:41,828,Basic Training Data*30
542,2023-02-12 05:25:41,832,Intermediate Training Data*40
542,2023-02-12 05:25:41,817,Enhancement Capsule*3
542,2023-02-12 05:25:41,812,Parts*300
542,2023-02-12 05:25:41,919,Original Sample
542,2023-02-12 05:25:41,810,Parts*100
542,2023-02-12 05:25:41,816,Enhancement Capsule*2
542,2023-02-12 05:25:41,810,Parts*100
542,2023-02-12 05:25:41,809,Rations*300
542,2023-02-12 05:25:41,810,Parts*100
542,2023-02-12 05:25:42,919,Original Sample
542,2023-02-12 05:25:42,839,Battery*20
542,2023-02-12 05:25:42,807,Rations*100
542,2023-02-12 05:25:42,804,Ammo*100
542,2023-02-12 05:25:42,802,Manpower*200
542,2023-02-12 05:25:42,802,Manpower*200
542,2023-02-12 05:25:42,818,Enhancement Capsule*4
542,2023-02-12 05:25:42,812,Parts*300
542,2023-02-12 05:25:42,840,Battery*30
542,2023-02-12 05:25:42,836,Calibration Ticket*10
542,2023-02-12 11:40:14,817,Enhancement Capsule*3
542,2023-02-12 11:40:14,803,Manpower*300
542,2023-02-12 11:40:14,836,Calibration Ticket*10
542,2023-02-12 11:40:14,811,Parts*200
542,2023-02-12 11:40:14,816,Enhancement Capsule*2
542,2023-02-12 11:40:14,808,Rations*200
542,2023-02-12 11:40:14,804,Ammo*100
542,2023-02-12 11:40:14,1393,Furniture: All-Seeing Eye
542,2023-02-12 11:40:14,804,Ammo*100
542,2023-02-12 11:40:14,920,Pure Sample
542,2023-02-12 11:40:15,919,Original Sample
542,2023-02-12 11:40:15,810,Parts*100
542,2023-02-12 11:40:15,40154,prize-10040154
542,2023-02-12 11:40:15,879,Memory Fragment*20
542,2023-02-12 11:40:15,839,Battery*20
542,2023-02-12 11:40:15,816,Enhancement Capsule*2
542,2023-02-12 11:40:15,833,Advanced Training Data*20
542,2023-02-12 11:40:15,811,Parts*200
542,2023-02-12 11:40:15,810,Parts*100
542,2023-02-12 11:40:15,802,Manpower*200
542,2023-02-12 11:40:17,801,Manpower*100
542,2023-02-12 11:40:17,832,Intermediate Training Data*40
542,2023-02-12 11:40:17,841,Battery*40
542,2023-02-12 11:40:17,811,Parts*200
542,2023-02-12 11:40:17,879,Memory Fragment*20
542,2023-02-12 11:40:17,810,Parts*100
542,2023-02-12 11:40:17,801,Manpower*100
542,2023-02-12 11:40:17,827,Basic Training Data*20
542,2023-02-12 11:40:17,804,Ammo*100
542,2023-02-12 11:40:17,807,Rations*100
542,2023-02-12 11:40:18,808,Rations*200
542,2023-02-12 11:40:18,920,Pure Sample
542,2023-02-12 11:40:18,810,Parts*100
542,2023-02-12 11:40:18,802,Manpower*200
542,2023-02-12 11:40:18,833,Advanced Training Data*20
542,2023-02-12 11:40:18,827,Basic Training Data*20
542,2023-02-12 11:40:18,824,Quick Production*1
542,2023-02-12 11:40:18,816,Enhancement Capsule*2
542,2023-02-12 11:40:18,805,Ammo*200
542,2023-02-12 11:40:18,801,Manpower*100
542,2023-02-12 11:40:19,825,Quick Repair*1
542,2023-02-12 11:40:19,801,Manpower*100
542,2023-02-12 11:40:19,834,Advanced Training Data*30
542,2023-02-12 11:40:19,810,Parts*100
542,2023-02-12 11:40:19,811,Parts*200
542,2023-02-12 11:40:19,835,Advanced Training Data*40
542,2023-02-12 11:40:19,804,Ammo*100
542,2023-02-12 11:40:19,804,Ammo*100
542,2023-02-12 11:40:19,817,Enhancement Capsule*3
542,2023-02-12 11:40:19,818,Enhancement Capsule*4
542,2023-02-12 11:40:20,827,Basic Training Data*20
542,2023-02-12 11:40:20,807,Rations*100
542,2023-02-12 11:40:20,816,Enhancement Capsule*2
542,2023-02-12 11:40:20,805,Ammo*200
542,2023-02-12 11:40:20,919,Original Sample
542,2023-02-12 11:40:20,804,Ammo*100
542,2023-02-12 11:40:20,801,Manpower*100
542,2023-02-12 11:40:20,812,Parts*300
542,2023-02-12 11:40:20,811,Parts*200
542,2023-02-12 11:40:20,805,Ammo*200
542,2023-02-13 18:56:33,811,Parts*200
542,2023-02-13 18:56:33,810,Parts*100
542,2023-02-13 18:56:33,825,Quick Repair*1
542,2023-02-13 18:56:33,828,Basic Training Data*30
542,2023-02-13 18:56:33,801,Manpower*100
542,2023-02-13 18:56:33,840,Battery*30
542,2023-02-13 18:56:33,806,Ammo*300
542,2023-02-13 18:56:33,816,Enhancement Capsule*2
542,2023-02-13 18:56:33,807,Rations*100
542,2023-02-13 18:56:33,920,Pure Sample
542,2023-02-13 18:56:35,808,Rations*200
542,2023-02-13 18:56:35,810,Parts*100
542,2023-02-13 18:56:35,807,Rations*100
542,2023-02-13 18:56:35,919,Original Sample
542,2023-02-13 18:56:35,830,Intermediate Training Data*20
542,2023-02-13 18:56:35,816,Enhancement Capsule*2
542,2023-02-13 18:56:35,1395,Furniture: Wolf Shadow Returns
542,2023-02-13 18:56:35,823,Equipment Contract*1
542,2023-02-13 18:56:35,815,Token*4
542,2023-02-13 18:56:35,802,Manpower*200
542,2023-02-13 18:56:37,807,Rations*100
542,2023-02-13 18:56:37,919,Original Sample
542,2023-02-13 18:56:37,801,Manpower*100
542,2023-02-13 18:56:37,801,Manpower*100
542,2023-02-13 18:56:37,807,Rations*100
542,2023-02-13 18:56:37,825,Quick Repair*1
542,2023-02-13 18:56:37,1397,prize-10001397
542,2023-02-13 18:56:37,879,Memory Fragment*20
542,2023-02-13 18:56:37,805,Ammo*200
542,2023-02-13 18:56:37,813,Token*2
542,2023-02-13 18:56:39,831,Intermediate Training Data*30
542,2023-02-13 18:56:39,811,Parts*200
542,2023-02-13 18:56:39,831,Intermediate Training Data*30
542,2023-02-13 18:56:39,825,Quick Repair*1
542,2023-02-13 18:56:39,830,Intermediate Training Data*20
542,2023-02-13 18:56:39,1393,Furniture: All-Seeing Eye
542,2023-02-13 18:56:39,833,Advanced Training Data*20
542,2023-02-13 18:56:39,841,Battery*40
542,2023-02-13 18:56:39,805,Ammo*200
542,2023-02-13 18:56:39,832,Intermediate Training Data*40
542,2023-02-13 18:56:40,827,Basic Training Data*20
542,2023-02-13 18:56:40,878,Memory Fragment*10
542,2023-02-13 18:56:40,807,Rations*100
542,2023-02-13 18:56:40,921,Quick Analysis Contract
542,2023-02-13 18:56:40,802,Manpower*200
542,2023-02-13 18:56:40,827,Basic Training Data*20
542,2023-02-13 18:56:40,813,Token*2
542,2023-02-13 18:56:40,807,Rations*100
542,2023-02-13 18:56:40,804,Ammo*100
542,2023-02-13 18:56:40,805,Ammo*200
542,2023-02-13 18:56:42,806,Ammo*300
542,2023-02-13 18:56:42,801,Manpower*100
542,2023-02-13 18:56:42,921,Quick Analysis Contract
542,2023-02-13 18:56:42,839,Battery*20
542,2023-02-13 18:56:42,816,Enhancement Capsule*2
542,2023-02-13 18:56:42,805,Ammo*200
542,2023-02-13 18:56:42,829,Basic Training Data*40
542,2023-02-13 18:56:42,920,Pure Sample
542,2023-02-13 18:56:42,811,Parts*200
542,2023-02-13 18:56:42,811,Parts*200
